trial,testing,parameters,initial_deadline,final_deadline,net_reward,actions,success
1,False,"{'a': 0.5, 'e': 0.99498743710662}",30,0,-111.31640139220369,"{0: 16, 1: 6, 2: 6, 3: 2, 4: 0}",0
2,False,"{'a': 0.5, 'e': 0.99}",25,0,-55.55324235554603,"{0: 20, 1: 1, 2: 3, 3: 0, 4: 1}",0
3,False,"{'a': 0.5, 'e': 0.9850375627355538}",20,0,-79.59550427105515,"{0: 11, 1: 4, 2: 3, 3: 2, 4: 0}",0
4,False,"{'a': 0.5, 'e': 0.9801}",20,0,-49.435350275465595,"{0: 14, 1: 1, 2: 4, 3: 1, 4: 0}",0
5,False,"{'a': 0.5, 'e': 0.9751871871081982}",20,1,-58.56100752318044,"{0: 15, 1: 0, 2: 2, 3: 1, 4: 1}",1
6,False,"{'a': 0.5, 'e': 0.970299}",20,0,-114.49574358643707,"{0: 13, 1: 2, 2: 2, 3: 1, 4: 2}",0
7,False,"{'a': 0.5, 'e': 0.9654353152371162}",20,0,-82.44037022951385,"{0: 10, 1: 5, 2: 3, 3: 2, 4: 0}",0
8,False,"{'a': 0.5, 'e': 0.96059601}",30,0,-187.5225696988704,"{0: 20, 1: 3, 2: 2, 3: 1, 4: 4}",0
9,False,"{'a': 0.5, 'e': 0.9557809620847451}",20,0,-89.10790540361762,"{0: 9, 1: 4, 2: 6, 3: 1, 4: 0}",0
10,False,"{'a': 0.5, 'e': 0.9509900498999999}",25,0,-114.4215452477976,"{0: 14, 1: 4, 2: 5, 3: 1, 4: 1}",0
11,False,"{'a': 0.5, 'e': 0.9462231524638975}",25,0,-128.45753069309515,"{0: 16, 1: 1, 2: 6, 3: 0, 4: 2}",0
12,False,"{'a': 0.5, 'e': 0.941480149401}",25,0,-171.27577847131948,"{0: 15, 1: 3, 2: 3, 3: 1, 4: 3}",0
13,False,"{'a': 0.5, 'e': 0.9367609209392586}",30,0,-134.72035909481136,"{0: 15, 1: 6, 2: 8, 3: 0, 4: 1}",0
14,False,"{'a': 0.5, 'e': 0.9320653479069899}",20,0,-64.59407298381734,"{0: 15, 1: 1, 2: 2, 3: 1, 4: 1}",0
15,False,"{'a': 0.5, 'e': 0.927393311729866}",25,0,-137.21416014905995,"{0: 14, 1: 1, 2: 7, 3: 2, 4: 1}",0
16,False,"{'a': 0.5, 'e': 0.9227446944279201}",25,0,-80.324572967327,"{0: 18, 1: 2, 2: 3, 3: 1, 4: 1}",0
17,False,"{'a': 0.5, 'e': 0.9181193786125673}",25,10,-149.7503748335842,"{0: 8, 1: 1, 2: 2, 3: 1, 4: 3}",1
18,False,"{'a': 0.5, 'e': 0.9135172474836408}",35,0,-130.22586687825753,"{0: 23, 1: 6, 2: 3, 3: 1, 4: 2}",0
19,False,"{'a': 0.5, 'e': 0.9089381848264416}",20,0,-52.986550992262664,"{0: 15, 1: 1, 2: 3, 3: 0, 4: 1}",0
20,False,"{'a': 0.5, 'e': 0.9043820750088044}",20,7,-19.86298607952788,"{0: 9, 1: 2, 2: 1, 3: 1, 4: 0}",1
21,False,"{'a': 0.5, 'e': 0.8998488029781773}",25,1,-60.60886905221106,"{0: 17, 1: 3, 2: 2, 3: 2, 4: 0}",1
22,False,"{'a': 0.5, 'e': 0.8953382542587164}",20,0,-39.11257441000989,"{0: 14, 1: 1, 2: 5, 3: 0, 4: 0}",0
23,False,"{'a': 0.5, 'e': 0.8908503149483954}",25,0,-146.5343524223508,"{0: 15, 1: 3, 2: 3, 3: 2, 4: 2}",0
24,False,"{'a': 0.5, 'e': 0.8863848717161292}",20,0,-81.88572472130939,"{0: 13, 1: 2, 2: 3, 3: 1, 4: 1}",0
25,False,"{'a': 0.5, 'e': 0.8819418117989115}",30,0,-124.93033325705774,"{0: 20, 1: 3, 2: 5, 3: 0, 4: 2}",0
26,False,"{'a': 0.5, 'e': 0.8775210229989678}",20,0,-125.55465815708578,"{0: 8, 1: 5, 2: 5, 3: 1, 4: 1}",0
27,False,"{'a': 0.5, 'e': 0.8731223936809224}",25,0,-48.978008352115275,"{0: 20, 1: 1, 2: 3, 3: 0, 4: 1}",0
28,False,"{'a': 0.5, 'e': 0.8687458127689782}",20,0,-52.67943734407957,"{0: 13, 1: 3, 2: 3, 3: 1, 4: 0}",0
29,False,"{'a': 0.5, 'e': 0.8643911697441131}",20,0,-97.51630766865831,"{0: 14, 1: 1, 2: 3, 3: 0, 4: 2}",0
30,False,"{'a': 0.5, 'e': 0.8600583546412884}",25,0,-107.9259462184819,"{0: 17, 1: 1, 2: 5, 3: 0, 4: 2}",0
31,False,"{'a': 0.5, 'e': 0.855747258046672}",35,0,-137.06666409863504,"{0: 25, 1: 2, 2: 5, 3: 1, 4: 2}",0
32,False,"{'a': 0.5, 'e': 0.8514577710948755}",20,0,-170.2182107198269,"{0: 9, 1: 4, 2: 4, 3: 0, 4: 3}",0
33,False,"{'a': 0.5, 'e': 0.8471897854662053}",20,7,-29.79660752758119,"{0: 9, 1: 0, 2: 4, 3: 0, 4: 0}",1
34,False,"{'a': 0.5, 'e': 0.8429431933839268}",35,9,-59.21062577595726,"{0: 17, 1: 3, 2: 5, 3: 1, 4: 0}",1
35,False,"{'a': 0.5, 'e': 0.8387178876115432}",20,0,-25.522881701280987,"{0: 15, 1: 1, 2: 4, 3: 0, 4: 0}",0
36,False,"{'a': 0.5, 'e': 0.8345137614500875}",20,0,-77.20291694746922,"{0: 11, 1: 2, 2: 6, 3: 1, 4: 0}",0
37,False,"{'a': 0.5, 'e': 0.8303307087354278}",30,0,-102.71540960313548,"{0: 21, 1: 1, 2: 4, 3: 4, 4: 0}",0
38,False,"{'a': 0.5, 'e': 0.8261686238355866}",25,0,-141.31130909814357,"{0: 17, 1: 1, 2: 4, 3: 0, 4: 3}",0
39,False,"{'a': 0.5, 'e': 0.8220274016480734}",25,0,-12.725599610490988,"{0: 21, 1: 2, 2: 1, 3: 1, 4: 0}",0
40,False,"{'a': 0.5, 'e': 0.8179069375972308}",25,0,-47.03808426787308,"{0: 18, 1: 0, 2: 7, 3: 0, 4: 0}",0
41,False,"{'a': 0.5, 'e': 0.8138071276315927}",20,0,-98.66052623325076,"{0: 14, 1: 2, 2: 2, 3: 0, 4: 2}",0
42,False,"{'a': 0.5, 'e': 0.8097278682212584}",30,0,-44.27878530766486,"{0: 24, 1: 2, 2: 3, 3: 0, 4: 1}",0
43,False,"{'a': 0.5, 'e': 0.8056690563552769}",25,0,-170.00690122319304,"{0: 15, 1: 2, 2: 2, 3: 4, 4: 2}",0
44,False,"{'a': 0.5, 'e': 0.8016305895390459}",20,0,-136.47882165286887,"{0: 13, 1: 2, 2: 2, 3: 0, 4: 3}",0
45,False,"{'a': 0.5, 'e': 0.797612365791724}",20,0,-129.4690971047436,"{0: 13, 1: 1, 2: 2, 3: 2, 4: 2}",0
46,False,"{'a': 0.5, 'e': 0.7936142836436554}",20,1,-33.66950905396412,"{0: 13, 1: 2, 2: 4, 3: 0, 4: 0}",1
47,False,"{'a': 0.5, 'e': 0.7896362421338068}",20,0,-72.3838903283876,"{0: 12, 1: 1, 2: 6, 3: 1, 4: 0}",0
48,False,"{'a': 0.5, 'e': 0.7856781408072188}",25,7,-42.798457222915474,"{0: 13, 1: 1, 2: 2, 3: 2, 4: 0}",1
49,False,"{'a': 0.5, 'e': 0.7817398797124687}",25,0,-8.418323670792399,"{0: 21, 1: 2, 2: 2, 3: 0, 4: 0}",0
50,False,"{'a': 0.5, 'e': 0.7778213593991467}",20,5,-114.13466474480295,"{0: 11, 1: 0, 2: 1, 3: 0, 4: 3}",1
51,False,"{'a': 0.5, 'e': 0.773922480915344}",25,0,-190.07935250643644,"{0: 14, 1: 1, 2: 6, 3: 1, 4: 3}",0
52,False,"{'a': 0.5, 'e': 0.7700431458051551}",20,0,-15.896192758371969,"{0: 17, 1: 1, 2: 1, 3: 1, 4: 0}",0
53,False,"{'a': 0.5, 'e': 0.7661832561061905}",25,0,-57.879896118317276,"{0: 17, 1: 2, 2: 5, 3: 1, 4: 0}",0
54,False,"{'a': 0.5, 'e': 0.7623427143471035}",25,0,-42.381968117793456,"{0: 20, 1: 2, 2: 2, 3: 0, 4: 1}",0
55,False,"{'a': 0.5, 'e': 0.7585214235451286}",25,0,-114.15478536645674,"{0: 17, 1: 1, 2: 5, 3: 0, 4: 2}",0
56,False,"{'a': 0.5, 'e': 0.7547192872036325}",20,0,-66.10904343625096,"{0: 14, 1: 1, 2: 4, 3: 0, 4: 1}",1
57,False,"{'a': 0.5, 'e': 0.7509362093096774}",25,0,-201.35224811388593,"{0: 12, 1: 3, 2: 4, 3: 4, 4: 2}",0
58,False,"{'a': 0.5, 'e': 0.7471720943315961}",20,2,-98.04933752036054,"{0: 10, 1: 1, 2: 5, 3: 1, 4: 1}",1
59,False,"{'a': 0.5, 'e': 0.7434268472165806}",20,0,-80.5839183395164,"{0: 12, 1: 3, 2: 4, 3: 0, 4: 1}",0
60,False,"{'a': 0.5, 'e': 0.7397003733882802}",20,0,-63.9974616222805,"{0: 14, 1: 2, 2: 3, 3: 0, 4: 1}",0
61,False,"{'a': 0.5, 'e': 0.7359925787444148}",20,6,-18.31717179610918,"{0: 10, 1: 1, 2: 3, 3: 0, 4: 0}",1
62,False,"{'a': 0.5, 'e': 0.7323033696543975}",25,18,6.009161320899169,"{0: 6, 1: 1, 2: 0, 3: 0, 4: 0}",1
63,False,"{'a': 0.5, 'e': 0.7286326529569706}",25,16,-25.712435555411012,"{0: 5, 1: 1, 2: 3, 3: 0, 4: 0}",1
64,False,"{'a': 0.5, 'e': 0.7249803359578535}",25,15,-5.5231757962072106,"{0: 8, 1: 0, 2: 2, 3: 0, 4: 0}",1
65,False,"{'a': 0.5, 'e': 0.7213463264274009}",20,0,9.354346241107736,"{0: 18, 1: 1, 2: 1, 3: 0, 4: 0}",0
66,False,"{'a': 0.5, 'e': 0.7177305325982749}",20,0,-112.19881179745042,"{0: 15, 1: 0, 2: 1, 3: 2, 4: 2}",0
67,False,"{'a': 0.5, 'e': 0.7141328631631269}",30,0,-97.47764933192018,"{0: 23, 1: 1, 2: 4, 3: 0, 4: 2}",0
68,False,"{'a': 0.5, 'e': 0.7105532272722921}",30,0,-167.738727563019,"{0: 16, 1: 4, 2: 7, 3: 1, 4: 2}",0
69,False,"{'a': 0.5, 'e': 0.7069915345314955}",25,0,-68.28496029714225,"{0: 18, 1: 2, 2: 4, 3: 0, 4: 1}",0
70,False,"{'a': 0.5, 'e': 0.7034476949995692}",20,0,-103.4373635516935,"{0: 10, 1: 2, 2: 7, 3: 0, 4: 1}",0
71,False,"{'a': 0.5, 'e': 0.6999216191861807}",25,0,-84.05096539465215,"{0: 17, 1: 3, 2: 3, 3: 1, 4: 1}",0
72,False,"{'a': 0.5, 'e': 0.6964132180495735}",25,0,-105.39558592307078,"{0: 18, 1: 1, 2: 2, 3: 3, 4: 1}",0
73,False,"{'a': 0.5, 'e': 0.6929224029943188}",25,0,-63.852793567682035,"{0: 18, 1: 3, 2: 3, 3: 0, 4: 1}",0
74,False,"{'a': 0.5, 'e': 0.6894490858690778}",25,0,-137.13912962611107,"{0: 18, 1: 0, 2: 4, 3: 0, 4: 3}",0
75,False,"{'a': 0.5, 'e': 0.6859931789643756}",25,2,-61.98749501997375,"{0: 17, 1: 2, 2: 3, 3: 0, 4: 1}",1
76,False,"{'a': 0.5, 'e': 0.682554595010387}",20,5,-54.0816638425253,"{0: 8, 1: 2, 2: 4, 3: 1, 4: 0}",1
77,False,"{'a': 0.5, 'e': 0.6791332471747319}",25,0,-90.5945308299767,"{0: 17, 1: 2, 2: 4, 3: 1, 4: 1}",0
78,False,"{'a': 0.5, 'e': 0.6757290490602831}",25,10,-118.00741818652038,"{0: 8, 1: 0, 2: 5, 3: 0, 4: 2}",1
79,False,"{'a': 0.5, 'e': 0.6723419147029845}",20,0,-45.547708705543,"{0: 17, 1: 0, 2: 1, 3: 1, 4: 1}",0
80,False,"{'a': 0.5, 'e': 0.6689717585696803}",30,11,-25.442816622078706,"{0: 14, 1: 2, 2: 2, 3: 1, 4: 0}",1
81,False,"{'a': 0.5, 'e': 0.6656184955559548}",20,4,-84.71109479047026,"{0: 10, 1: 4, 2: 0, 3: 0, 4: 2}",1
82,False,"{'a': 0.5, 'e': 0.6622820409839835}",20,14,9.446427322426892,"{0: 6, 1: 0, 2: 0, 3: 0, 4: 0}",1
83,False,"{'a': 0.5, 'e': 0.6589623106003951}",25,0,-88.97837847945198,"{0: 18, 1: 0, 2: 5, 3: 1, 4: 1}",0
84,False,"{'a': 0.5, 'e': 0.6556592205741436}",25,0,-56.28616087908365,"{0: 20, 1: 1, 2: 2, 3: 1, 4: 1}",0
85,False,"{'a': 0.5, 'e': 0.6523726874943911}",30,14,-21.278889745769504,"{0: 14, 1: 1, 2: 0, 3: 0, 4: 1}",1
86,False,"{'a': 0.5, 'e': 0.6491026283684022}",20,0,-33.464703343431076,"{0: 13, 1: 3, 2: 4, 3: 0, 4: 0}",0
87,False,"{'a': 0.5, 'e': 0.6458489606194473}",30,0,-54.05987508548519,"{0: 25, 1: 3, 2: 0, 3: 1, 4: 1}",0
88,False,"{'a': 0.5, 'e': 0.6426116020847181}",30,9,-33.015320828726004,"{0: 16, 1: 2, 2: 2, 3: 1, 4: 0}",1
89,False,"{'a': 0.5, 'e': 0.6393904710132527}",35,0,-73.14586871165623,"{0: 26, 1: 3, 2: 5, 3: 0, 4: 1}",1
90,False,"{'a': 0.5, 'e': 0.6361854860638709}",20,0,-6.362720371254409,"{0: 17, 1: 2, 2: 0, 3: 1, 4: 0}",0
91,False,"{'a': 0.5, 'e': 0.6329965663031203}",30,20,16.707012179037847,"{0: 10, 1: 0, 2: 0, 3: 0, 4: 0}",1
92,False,"{'a': 0.5, 'e': 0.6298236312032323}",25,14,-3.3851127798329035,"{0: 9, 1: 0, 2: 2, 3: 0, 4: 0}",1
93,False,"{'a': 0.5, 'e': 0.626666600640089}",20,1,-31.04241348772121,"{0: 15, 1: 3, 2: 0, 3: 0, 4: 1}",1
94,False,"{'a': 0.5, 'e': 0.6235253948912}",20,0,-135.93524646971696,"{0: 12, 1: 0, 2: 5, 3: 1, 4: 2}",0
95,False,"{'a': 0.5, 'e': 0.6203999346336881}",25,0,-90.03458146659315,"{0: 16, 1: 3, 2: 4, 3: 1, 4: 1}",0
96,False,"{'a': 0.5, 'e': 0.617290140942288}",20,0,-14.807403966391417,"{0: 17, 1: 1, 2: 1, 3: 1, 4: 0}",0
97,False,"{'a': 0.5, 'e': 0.6141959352873513}",20,0,-78.59832296586126,"{0: 13, 1: 1, 2: 5, 3: 0, 4: 1}",0
98,False,"{'a': 0.5, 'e': 0.611117239532865}",20,0,-47.09508782194714,"{0: 12, 1: 3, 2: 5, 3: 0, 4: 0}",0
99,False,"{'a': 0.5, 'e': 0.6080539759344777}",20,0,-7.933446449721114,"{0: 17, 1: 2, 2: 0, 3: 1, 4: 0}",0
100,False,"{'a': 0.5, 'e': 0.6050060671375364}",25,17,-4.53629768606284,"{0: 7, 1: 0, 2: 0, 3: 1, 4: 0}",1
101,False,"{'a': 0.5, 'e': 0.601973436175133}",30,2,-43.43769533546734,"{0: 24, 1: 0, 2: 2, 3: 1, 4: 1}",1
102,False,"{'a': 0.5, 'e': 0.598956006466161}",30,0,-97.05442209811721,"{0: 22, 1: 1, 2: 4, 3: 2, 4: 1}",1
103,False,"{'a': 0.5, 'e': 0.5959537018133816}",30,8,-48.88678011968763,"{0: 18, 1: 0, 2: 2, 3: 1, 4: 1}",1
104,False,"{'a': 0.5, 'e': 0.5929664464014994}",30,4,-14.16921656564101,"{0: 21, 1: 3, 2: 1, 3: 1, 4: 0}",1
105,False,"{'a': 0.5, 'e': 0.5899941647952478}",20,9,9.3563261364873,"{0: 10, 1: 0, 2: 1, 3: 0, 4: 0}",1
106,False,"{'a': 0.5, 'e': 0.5870367819374844}",35,5,-108.14524706656418,"{0: 24, 1: 0, 2: 3, 3: 0, 4: 3}",1
107,False,"{'a': 0.5, 'e': 0.5840942231472953}",25,16,-55.89684211845189,"{0: 6, 1: 1, 2: 0, 3: 1, 4: 1}",1
108,False,"{'a': 0.5, 'e': 0.5811664141181095}",25,0,-14.315648408939381,"{0: 20, 1: 2, 2: 3, 3: 0, 4: 0}",0
109,False,"{'a': 0.5, 'e': 0.5782532809158224}",25,2,-142.96506431647867,"{0: 16, 1: 0, 2: 3, 3: 1, 4: 3}",1
110,False,"{'a': 0.5, 'e': 0.5753547499769285}",30,17,0.3074065495495506,"{0: 11, 1: 0, 2: 2, 3: 0, 4: 0}",1
111,False,"{'a': 0.5, 'e': 0.5724707481066641}",20,14,11.451306868610663,"{0: 6, 1: 0, 2: 0, 3: 0, 4: 0}",1
112,False,"{'a': 0.5, 'e': 0.5696012024771592}",30,20,3.4388651940329087,"{0: 8, 1: 1, 2: 1, 3: 0, 4: 0}",1
113,False,"{'a': 0.5, 'e': 0.5667460406255975}",25,0,-65.35732062178607,"{0: 19, 1: 0, 2: 5, 3: 0, 4: 1}",0
114,False,"{'a': 0.5, 'e': 0.5639051904523875}",35,0,-132.8537534414081,"{0: 22, 1: 4, 2: 6, 3: 2, 4: 1}",0
115,False,"{'a': 0.5, 'e': 0.5610785802193415}",25,11,-43.679381760886,"{0: 10, 1: 2, 2: 1, 3: 0, 4: 1}",1
116,False,"{'a': 0.5, 'e': 0.5582661385478637}",25,0,-66.08659848275535,"{0: 19, 1: 1, 2: 3, 3: 1, 4: 1}",0
117,False,"{'a': 0.5, 'e': 0.5554677944171481}",20,0,-28.110165863468396,"{0: 16, 1: 0, 2: 3, 3: 1, 4: 0}",0
118,False,"{'a': 0.5, 'e': 0.5526834771623851}",25,0,-216.17505354246438,"{0: 14, 1: 1, 2: 5, 3: 1, 4: 4}",0
119,False,"{'a': 0.5, 'e': 0.5499131164729766}",20,15,-10.702145761030913,"{0: 4, 1: 0, 2: 0, 3: 1, 4: 0}",1
120,False,"{'a': 0.5, 'e': 0.5471566423907612}",25,0,16.139516322862228,"{0: 23, 1: 1, 2: 1, 3: 0, 4: 0}",0
121,False,"{'a': 0.5, 'e': 0.5444139853082468}",30,3,-118.29437501064594,"{0: 19, 1: 1, 2: 4, 3: 1, 4: 2}",1
122,False,"{'a': 0.5, 'e': 0.5416850759668536}",20,7,-22.54924598165872,"{0: 12, 1: 0, 2: 0, 3: 0, 4: 1}",1
123,False,"{'a': 0.5, 'e': 0.5389698454551644}",20,0,-115.23092509134264,"{0: 12, 1: 4, 2: 1, 3: 1, 4: 2}",0
124,False,"{'a': 0.5, 'e': 0.536268225207185}",20,0,-31.517723582300626,"{0: 17, 1: 1, 2: 1, 3: 0, 4: 1}",0
125,False,"{'a': 0.5, 'e': 0.5335801470006127}",25,0,-72.2867452324015,"{0: 18, 1: 1, 2: 5, 3: 0, 4: 1}",0
126,False,"{'a': 0.5, 'e': 0.5309055429551132}",25,0,-8.604870395332743,"{0: 21, 1: 1, 2: 3, 3: 0, 4: 0}",0
127,False,"{'a': 0.5, 'e': 0.5282443455306066}",30,7,3.825429596715936,"{0: 19, 1: 2, 2: 2, 3: 0, 4: 0}",1
128,False,"{'a': 0.5, 'e': 0.525596487525562}",30,0,13.886052895100807,"{0: 27, 1: 1, 2: 2, 3: 0, 4: 0}",0
129,False,"{'a': 0.5, 'e': 0.5229619020753005}",20,7,-57.75776646039038,"{0: 8, 1: 2, 2: 2, 3: 0, 4: 1}",1
130,False,"{'a': 0.5, 'e': 0.5203405226503064}",20,8,-1.7794550274986491,"{0: 10, 1: 0, 2: 2, 3: 0, 4: 0}",1
131,False,"{'a': 0.5, 'e': 0.5177322830545475}",20,5,10.114005050945789,"{0: 13, 1: 2, 2: 0, 3: 0, 4: 0}",1
132,False,"{'a': 0.5, 'e': 0.5151371174238033}",20,0,-14.58152763644873,"{0: 16, 1: 1, 2: 3, 3: 0, 4: 0}",0
133,False,"{'a': 0.5, 'e': 0.512554960224002}",30,16,-4.620987326218378,"{0: 12, 1: 0, 2: 1, 3: 1, 4: 0}",1
134,False,"{'a': 0.5, 'e': 0.5099857462495653}",25,7,-53.438712873767464,"{0: 16, 1: 0, 2: 0, 3: 0, 4: 2}",1
135,False,"{'a': 0.5, 'e': 0.507429410621762}",20,4,-9.81916938683645,"{0: 13, 1: 0, 2: 3, 3: 0, 4: 0}",1
136,False,"{'a': 0.5, 'e': 0.5048858887870696}",30,8,25.59953589748499,"{0: 21, 1: 0, 2: 1, 3: 0, 4: 0}",1
137,False,"{'a': 0.5, 'e': 0.5023551165155443}",20,0,-3.7694943675853536,"{0: 18, 1: 1, 2: 0, 3: 1, 4: 0}",0
138,False,"{'a': 0.5, 'e': 0.4998370298991989}",20,0,-71.14065247253066,"{0: 16, 1: 1, 2: 1, 3: 0, 4: 2}",0
139,False,"{'a': 0.5, 'e': 0.5}",20,0,-36.920330335497916,"{0: 17, 1: 0, 2: 2, 3: 0, 4: 1}",0
140,False,"{'a': 0.5, 'e': 0.5}",20,14,-8.547975950001184,"{0: 4, 1: 1, 2: 1, 3: 0, 4: 0}",1
141,False,"{'a': 0.5, 'e': 0.5}",20,0,0.24248938477421778,"{0: 17, 1: 1, 2: 2, 3: 0, 4: 0}",0
142,False,"{'a': 0.5, 'e': 0.5}",30,0,-89.56778227768106,"{0: 20, 1: 2, 2: 7, 3: 0, 4: 1}",0
143,False,"{'a': 0.5, 'e': 0.5}",30,14,-5.411027418186312,"{0: 12, 1: 3, 2: 1, 3: 0, 4: 0}",1
144,False,"{'a': 0.5, 'e': 0.5}",25,15,-49.19511243514522,"{0: 7, 1: 0, 2: 2, 3: 0, 4: 1}",1
145,False,"{'a': 0.5, 'e': 0.5}",20,9,-15.68837325163702,"{0: 10, 1: 0, 2: 0, 3: 0, 4: 1}",1
146,False,"{'a': 0.5, 'e': 0.5}",25,0,-37.25402199211698,"{0: 19, 1: 1, 2: 4, 3: 1, 4: 0}",0
147,False,"{'a': 0.5, 'e': 0.5}",25,14,18.122966730549333,"{0: 11, 1: 0, 2: 0, 3: 0, 4: 0}",1
148,False,"{'a': 0.5, 'e': 0.5}",35,21,-43.848122846136484,"{0: 10, 1: 2, 2: 1, 3: 0, 4: 1}",1
149,False,"{'a': 0.5, 'e': 0.5}",25,0,-9.635644810876403,"{0: 22, 1: 1, 2: 1, 3: 1, 4: 0}",1
150,False,"{'a': 0.5, 'e': 0.5}",25,0,-36.570331874217885,"{0: 20, 1: 1, 2: 2, 3: 2, 4: 0}",0
151,False,"{'a': 0.5, 'e': 0.5}",20,0,-14.872380849393549,"{0: 16, 1: 0, 2: 4, 3: 0, 4: 0}",0
152,False,"{'a': 0.5, 'e': 0.5}",25,5,1.9227070111620743,"{0: 16, 1: 3, 2: 1, 3: 0, 4: 0}",1
153,False,"{'a': 0.5, 'e': 0.5}",25,11,8.84270443549541,"{0: 12, 1: 1, 2: 1, 3: 0, 4: 0}",1
154,False,"{'a': 0.5, 'e': 0.5}",25,0,-77.06160017684488,"{0: 17, 1: 2, 2: 5, 3: 0, 4: 1}",0
155,False,"{'a': 0.5, 'e': 0.5}",20,11,20.310370505066377,"{0: 9, 1: 0, 2: 0, 3: 0, 4: 0}",1
156,False,"{'a': 0.5, 'e': 0.5}",30,5,-30.572125923083586,"{0: 22, 1: 0, 2: 2, 3: 0, 4: 1}",1
157,False,"{'a': 0.5, 'e': 0.5}",25,9,-5.233630303233601,"{0: 13, 1: 0, 2: 3, 3: 0, 4: 0}",1
158,False,"{'a': 0.5, 'e': 0.5}",20,0,-81.98038933022046,"{0: 15, 1: 1, 2: 2, 3: 0, 4: 2}",0
159,False,"{'a': 0.5, 'e': 0.5}",20,1,6.792182406829328,"{0: 17, 1: 0, 2: 2, 3: 0, 4: 0}",1
160,False,"{'a': 0.5, 'e': 0.5}",20,0,-33.439910850470476,"{0: 17, 1: 1, 2: 1, 3: 0, 4: 1}",0
161,False,"{'a': 0.5, 'e': 0.5}",20,0,-60.838219349429615,"{0: 15, 1: 2, 2: 1, 3: 1, 4: 1}",0
162,False,"{'a': 0.5, 'e': 0.5}",20,6,-59.313157290629306,"{0: 12, 1: 0, 2: 0, 3: 0, 4: 2}",1
163,False,"{'a': 0.5, 'e': 0.5}",25,8,-27.932401026160154,"{0: 14, 1: 1, 2: 1, 3: 0, 4: 1}",1
164,False,"{'a': 0.5, 'e': 0.5}",20,14,9.859349821184459,"{0: 6, 1: 0, 2: 0, 3: 0, 4: 0}",1
165,False,"{'a': 0.5, 'e': 0.5}",25,0,-52.62508564663001,"{0: 17, 1: 3, 2: 4, 3: 1, 4: 0}",0
166,False,"{'a': 0.5, 'e': 0.5}",20,0,-44.76367660848998,"{0: 16, 1: 2, 2: 0, 3: 1, 4: 1}",0
167,False,"{'a': 0.5, 'e': 0.5}",20,0,-56.663082556905024,"{0: 16, 1: 1, 2: 1, 3: 1, 4: 1}",0
168,False,"{'a': 0.5, 'e': 0.5}",20,0,-19.224440567281334,"{0: 15, 1: 2, 2: 3, 3: 0, 4: 0}",0
169,False,"{'a': 0.5, 'e': 0.5}",25,17,-23.694492356904366,"{0: 6, 1: 0, 2: 1, 3: 1, 4: 0}",1
170,False,"{'a': 0.5, 'e': 0.5}",25,0,-13.1447744368038,"{0: 23, 1: 0, 2: 1, 3: 0, 4: 1}",0
171,False,"{'a': 0.5, 'e': 0.5}",20,0,-59.081018264129824,"{0: 15, 1: 0, 2: 4, 3: 0, 4: 1}",0
172,False,"{'a': 0.5, 'e': 0.5}",20,13,-3.9779858268449044,"{0: 5, 1: 1, 2: 1, 3: 0, 4: 0}",1
173,False,"{'a': 0.5, 'e': 0.5}",25,0,-69.15757975323703,"{0: 16, 1: 3, 2: 5, 3: 1, 4: 0}",0
174,False,"{'a': 0.5, 'e': 0.5}",30,12,-40.646973724255346,"{0: 14, 1: 1, 2: 2, 3: 0, 4: 1}",1
175,False,"{'a': 0.5, 'e': 0.5}",25,17,16.796134175780914,"{0: 8, 1: 0, 2: 0, 3: 0, 4: 0}",1
176,False,"{'a': 0.5, 'e': 0.5}",20,0,-77.80208712421276,"{0: 13, 1: 1, 2: 5, 3: 0, 4: 1}",0
177,False,"{'a': 0.5, 'e': 0.5}",30,3,-81.279164544598,"{0: 20, 1: 4, 2: 0, 3: 1, 4: 2}",1
178,False,"{'a': 0.5, 'e': 0.5}",20,0,-4.817838749069326,"{0: 16, 1: 2, 2: 2, 3: 0, 4: 0}",0
179,False,"{'a': 0.5, 'e': 0.5}",20,0,-10.697255932534897,"{0: 17, 1: 0, 2: 3, 3: 0, 4: 0}",0
180,False,"{'a': 0.5, 'e': 0.5}",25,18,13.85457159047452,"{0: 7, 1: 0, 2: 0, 3: 0, 4: 0}",1
181,False,"{'a': 0.5, 'e': 0.5}",25,0,-31.78828345886125,"{0: 21, 1: 1, 2: 2, 3: 0, 4: 1}",0
182,False,"{'a': 0.5, 'e': 0.5}",20,0,-17.721859340689083,"{0: 16, 1: 2, 2: 1, 3: 1, 4: 0}",0
183,False,"{'a': 0.5, 'e': 0.5}",25,0,-44.64776449938965,"{0: 19, 1: 0, 2: 5, 3: 1, 4: 0}",0
184,False,"{'a': 0.5, 'e': 0.5}",25,1,-26.956612984270958,"{0: 20, 1: 2, 2: 1, 3: 0, 4: 1}",1
185,False,"{'a': 0.5, 'e': 0.5}",20,12,-8.772375545394599,"{0: 6, 1: 0, 2: 2, 3: 0, 4: 0}",1
186,False,"{'a': 0.5, 'e': 0.5}",35,0,-100.50472472520076,"{0: 27, 1: 1, 2: 4, 3: 1, 4: 2}",0
187,False,"{'a': 0.5, 'e': 0.5}",25,0,-110.15498583867615,"{0: 16, 1: 3, 2: 4, 3: 0, 4: 2}",0
188,False,"{'a': 0.5, 'e': 0.5}",20,0,-93.00074284086266,"{0: 14, 1: 0, 2: 3, 3: 2, 4: 1}",0
189,False,"{'a': 0.5, 'e': 0.5}",20,0,-97.50561768669542,"{0: 15, 1: 0, 2: 2, 3: 1, 4: 2}",0
190,False,"{'a': 0.5, 'e': 0.5}",30,0,-21.302670424459603,"{0: 25, 1: 1, 2: 3, 3: 1, 4: 0}",0
191,False,"{'a': 0.5, 'e': 0.5}",20,0,-37.92493494207778,"{0: 17, 1: 0, 2: 2, 3: 0, 4: 1}",0
192,False,"{'a': 0.5, 'e': 0.5}",20,0,-58.49676918814864,"{0: 14, 1: 2, 2: 3, 3: 0, 4: 1}",0
193,False,"{'a': 0.5, 'e': 0.5}",20,0,23.235406009098593,"{0: 20, 1: 0, 2: 0, 3: 0, 4: 0}",0
194,False,"{'a': 0.5, 'e': 0.5}",30,0,13.570321707959607,"{0: 27, 1: 1, 2: 2, 3: 0, 4: 0}",0
195,False,"{'a': 0.5, 'e': 0.5}",25,0,-45.30202783666462,"{0: 17, 1: 2, 2: 6, 3: 0, 4: 0}",0
196,False,"{'a': 0.5, 'e': 0.5}",30,0,-13.747137846626782,"{0: 25, 1: 1, 2: 3, 3: 1, 4: 0}",0
197,False,"{'a': 0.5, 'e': 0.5}",20,0,-83.7472546137609,"{0: 14, 1: 0, 2: 4, 3: 1, 4: 1}",0
198,False,"{'a': 0.5, 'e': 0.5}",20,0,-46.82185069659302,"{0: 17, 1: 0, 2: 1, 3: 1, 4: 1}",0
199,False,"{'a': 0.5, 'e': 0.5}",20,2,-49.70124964865046,"{0: 13, 1: 2, 2: 2, 3: 0, 4: 1}",1
200,False,"{'a': 0.5, 'e': 0.5}",25,0,-181.8936374127516,"{0: 14, 1: 3, 2: 1, 3: 5, 4: 2}",0
201,False,"{'a': 0.5, 'e': 0.5}",20,0,6.229211338681295,"{0: 18, 1: 0, 2: 2, 3: 0, 4: 0}",0
202,False,"{'a': 0.5, 'e': 0.5}",25,0,-11.063938976408945,"{0: 20, 1: 2, 2: 3, 3: 0, 4: 0}",0
203,False,"{'a': 0.5, 'e': 0.5}",25,0,-146.029555139966,"{0: 17, 1: 2, 2: 2, 3: 1, 4: 3}",0
204,False,"{'a': 0.5, 'e': 0.5}",20,2,-38.14126524833634,"{0: 12, 1: 3, 2: 2, 3: 1, 4: 0}",1
205,False,"{'a': 0.5, 'e': 0.5}",25,17,11.859484724494443,"{0: 8, 1: 0, 2: 0, 3: 0, 4: 0}",1
206,False,"{'a': 0.5, 'e': 0.5}",25,11,-49.79025525764422,"{0: 10, 1: 0, 2: 3, 3: 0, 4: 1}",1
207,False,"{'a': 0.5, 'e': 0.5}",25,0,-73.31320936338628,"{0: 20, 1: 1, 2: 2, 3: 0, 4: 2}",0
208,False,"{'a': 0.5, 'e': 0.5}",20,0,-111.05818491712998,"{0: 12, 1: 4, 2: 1, 3: 1, 4: 2}",0
209,False,"{'a': 0.5, 'e': 0.5}",20,0,-33.78094222631055,"{0: 17, 1: 0, 2: 2, 3: 0, 4: 1}",0
210,False,"{'a': 0.5, 'e': 0.5}",20,0,-45.655066850297786,"{0: 16, 1: 1, 2: 2, 3: 0, 4: 1}",0
211,False,"{'a': 0.5, 'e': 0.5}",20,14,0.6113303586145196,"{0: 5, 1: 0, 2: 1, 3: 0, 4: 0}",1
212,False,"{'a': 0.5, 'e': 0.5}",30,0,-107.92221202722068,"{0: 23, 1: 0, 2: 4, 3: 1, 4: 2}",0
213,False,"{'a': 0.5, 'e': 0.5}",25,3,-19.753056639627598,"{0: 20, 1: 0, 2: 1, 3: 0, 4: 1}",1
214,False,"{'a': 0.5, 'e': 0.5}",30,0,-57.88528112825313,"{0: 24, 1: 1, 2: 4, 3: 0, 4: 1}",0
215,False,"{'a': 0.5, 'e': 0.5}",25,17,4.554095314948757,"{0: 7, 1: 0, 2: 1, 3: 0, 4: 0}",1
216,False,"{'a': 0.5, 'e': 0.5}",30,13,29.512356102778433,"{0: 17, 1: 0, 2: 0, 3: 0, 4: 0}",1
217,False,"{'a': 0.5, 'e': 0.5}",30,4,-51.929860792387736,"{0: 20, 1: 2, 2: 3, 3: 0, 4: 1}",1
218,False,"{'a': 0.5, 'e': 0.5}",20,0,3.083699669706645,"{0: 18, 1: 0, 2: 2, 3: 0, 4: 0}",0
219,False,"{'a': 0.5, 'e': 0.5}",25,13,8.731798916121376,"{0: 11, 1: 0, 2: 1, 3: 0, 4: 0}",1
220,False,"{'a': 0.5, 'e': 0.5}",20,10,-61.358545683277775,"{0: 6, 1: 0, 2: 3, 3: 0, 4: 1}",1
221,False,"{'a': 0.5, 'e': 0.5}",25,0,-16.91741156639189,"{0: 21, 1: 0, 2: 3, 3: 1, 4: 0}",0
222,False,"{'a': 0.5, 'e': 0.5}",20,0,-36.970096932589286,"{0: 16, 1: 0, 2: 2, 3: 2, 4: 0}",0
223,False,"{'a': 0.5, 'e': 0.5}",20,0,-26.860312925913323,"{0: 16, 1: 0, 2: 3, 3: 1, 4: 0}",0
224,False,"{'a': 0.5, 'e': 0.5}",20,0,-79.14256506478576,"{0: 16, 1: 1, 2: 1, 3: 0, 4: 2}",0
225,False,"{'a': 0.5, 'e': 0.5}",30,0,-3.294570084291064,"{0: 26, 1: 2, 2: 2, 3: 0, 4: 0}",0
226,False,"{'a': 0.5, 'e': 0.5}",25,7,17.488704294958175,"{0: 17, 1: 0, 2: 1, 3: 0, 4: 0}",1
227,False,"{'a': 0.5, 'e': 0.5}",20,3,-20.596614938651204,"{0: 14, 1: 0, 2: 2, 3: 1, 4: 0}",1
228,False,"{'a': 0.5, 'e': 0.5}",25,9,-57.20460924611017,"{0: 11, 1: 3, 2: 0, 3: 1, 4: 1}",1
229,False,"{'a': 0.5, 'e': 0.5}",25,20,10.36214118070232,"{0: 5, 1: 0, 2: 0, 3: 0, 4: 0}",1
230,False,"{'a': 0.5, 'e': 0.5}",25,7,-21.35455031618207,"{0: 16, 1: 0, 2: 1, 3: 0, 4: 1}",1
231,False,"{'a': 0.5, 'e': 0.5}",20,13,-71.12739218013779,"{0: 5, 1: 0, 2: 0, 3: 0, 4: 2}",1
232,False,"{'a': 0.5, 'e': 0.5}",20,0,-13.47058565763675,"{0: 16, 1: 2, 2: 1, 3: 1, 4: 0}",0
233,False,"{'a': 0.5, 'e': 0.5}",25,12,-25.70860918427204,"{0: 9, 1: 1, 2: 2, 3: 1, 4: 0}",1
234,False,"{'a': 0.5, 'e': 0.5}",20,6,-17.828029149588406,"{0: 13, 1: 0, 2: 0, 3: 0, 4: 1}",1
235,False,"{'a': 0.5, 'e': 0.5}",20,0,-56.11551962074671,"{0: 15, 1: 1, 2: 3, 3: 0, 4: 1}",0
236,False,"{'a': 0.5, 'e': 0.5}",25,0,-40.77934888946862,"{0: 22, 1: 0, 2: 1, 3: 1, 4: 1}",0
237,False,"{'a': 0.5, 'e': 0.5}",20,0,-54.65615089970676,"{0: 14, 1: 3, 2: 2, 3: 0, 4: 1}",0
238,False,"{'a': 0.5, 'e': 0.5}",25,0,23.925208014539965,"{0: 24, 1: 1, 2: 0, 3: 0, 4: 0}",0
239,False,"{'a': 0.5, 'e': 0.5}",30,10,-16.911998809739934,"{0: 16, 1: 2, 2: 1, 3: 1, 4: 0}",1
240,False,"{'a': 0.5, 'e': 0.5}",35,24,-0.39085845051856527,"{0: 9, 1: 0, 2: 2, 3: 0, 4: 0}",1
241,False,"{'a': 0.5, 'e': 0.5}",20,10,-57.79638144875723,"{0: 7, 1: 0, 2: 1, 3: 1, 4: 1}",1
242,False,"{'a': 0.5, 'e': 0.5}",20,0,-51.0321163272438,"{0: 15, 1: 3, 2: 0, 3: 1, 4: 1}",0
243,False,"{'a': 0.5, 'e': 0.5}",25,13,-1.7692527360148844,"{0: 10, 1: 0, 2: 2, 3: 0, 4: 0}",1
244,False,"{'a': 0.5, 'e': 0.5}",25,2,-109.55278090096184,"{0: 15, 1: 1, 2: 5, 3: 0, 4: 2}",1
245,False,"{'a': 0.5, 'e': 0.5}",20,0,6.1848510606847595,"{0: 17, 1: 2, 2: 1, 3: 0, 4: 0}",1
246,False,"{'a': 0.5, 'e': 0.5}",25,0,6.467339047355751,"{0: 22, 1: 2, 2: 1, 3: 0, 4: 0}",0
247,False,"{'a': 0.5, 'e': 0.5}",20,0,12.364674078813682,"{0: 18, 1: 2, 2: 0, 3: 0, 4: 0}",0
248,False,"{'a': 0.5, 'e': 0.5}",25,0,-7.597629521004036,"{0: 22, 1: 1, 2: 1, 3: 1, 4: 0}",1
249,False,"{'a': 0.5, 'e': 0.5}",25,0,-122.59472489434478,"{0: 15, 1: 2, 2: 6, 3: 0, 4: 2}",0
250,False,"{'a': 0.5, 'e': 0.5}",30,4,-16.439824037731597,"{0: 21, 1: 3, 2: 1, 3: 1, 4: 0}",1
251,False,"{'a': 0.5, 'e': 0.5}",20,7,7.562905638587333,"{0: 11, 1: 1, 2: 1, 3: 0, 4: 0}",1
252,False,"{'a': 0.5, 'e': 0.5}",20,0,-39.657914930529586,"{0: 17, 1: 0, 2: 2, 3: 0, 4: 1}",0
253,False,"{'a': 0.5, 'e': 0.5}",30,14,-13.772730143481681,"{0: 15, 1: 0, 2: 0, 3: 0, 4: 1}",1
254,False,"{'a': 0.5, 'e': 0.5}",30,19,-35.07443780066372,"{0: 9, 1: 0, 2: 1, 3: 0, 4: 1}",1
255,False,"{'a': 0.5, 'e': 0.5}",20,4,-5.831207626189881,"{0: 13, 1: 0, 2: 3, 3: 0, 4: 0}",1
256,False,"{'a': 0.5, 'e': 0.5}",20,0,6.776682371884497,"{0: 18, 1: 0, 2: 2, 3: 0, 4: 0}",0
257,False,"{'a': 0.5, 'e': 0.5}",20,13,-74.5448592476404,"{0: 5, 1: 0, 2: 0, 3: 0, 4: 2}",1
258,False,"{'a': 0.5, 'e': 0.5}",25,10,-46.79024835020271,"{0: 10, 1: 3, 2: 1, 3: 0, 4: 1}",1
259,False,"{'a': 0.5, 'e': 0.5}",20,0,24.992438183896457,"{0: 19, 1: 1, 2: 0, 3: 0, 4: 0}",0
260,False,"{'a': 0.5, 'e': 0.5}",20,8,19.436828736031952,"{0: 12, 1: 0, 2: 0, 3: 0, 4: 0}",1
261,False,"{'a': 0.5, 'e': 0.5}",20,6,11.082484331338184,"{0: 13, 1: 0, 2: 1, 3: 0, 4: 0}",1
262,False,"{'a': 0.5, 'e': 0.5}",20,0,-29.335502710937725,"{0: 17, 1: 1, 2: 1, 3: 0, 4: 1}",0
263,False,"{'a': 0.5, 'e': 0.5}",30,11,-5.037121864008926,"{0: 15, 1: 1, 2: 3, 3: 0, 4: 0}",1
264,False,"{'a': 0.5, 'e': 0.5}",20,0,16.169559851457514,"{0: 19, 1: 0, 2: 1, 3: 0, 4: 0}",0
265,False,"{'a': 0.5, 'e': 0.5}",30,0,-0.8716951056104725,"{0: 26, 1: 2, 2: 2, 3: 0, 4: 0}",0
266,False,"{'a': 0.5, 'e': 0.5}",30,11,-74.42664607291196,"{0: 14, 1: 2, 2: 1, 3: 0, 4: 2}",1
267,False,"{'a': 0.5, 'e': 0.5}",25,4,10.45932371324729,"{0: 19, 1: 1, 2: 1, 3: 0, 4: 0}",1
268,False,"{'a': 0.5, 'e': 0.5}",30,12,-28.828602316615015,"{0: 16, 1: 0, 2: 0, 3: 1, 4: 1}",1
269,False,"{'a': 0.5, 'e': 0.5}",20,0,-5.3193499648592155,"{0: 18, 1: 0, 2: 1, 3: 1, 4: 0}",0
270,False,"{'a': 0.5, 'e': 0.5}",30,7,-26.170609951287933,"{0: 17, 1: 1, 2: 5, 3: 0, 4: 0}",1
271,False,"{'a': 0.5, 'e': 0.5}",25,0,-103.04805454099753,"{0: 16, 1: 3, 2: 3, 3: 2, 4: 1}",0
272,False,"{'a': 0.5, 'e': 0.5}",25,15,17.595401377178074,"{0: 10, 1: 0, 2: 0, 3: 0, 4: 0}",1
273,False,"{'a': 0.5, 'e': 0.5}",30,0,-33.64212378628361,"{0: 24, 1: 3, 2: 1, 3: 2, 4: 0}",1
274,False,"{'a': 0.5, 'e': 0.5}",25,0,-62.273004886791455,"{0: 18, 1: 0, 2: 5, 3: 2, 4: 0}",0
275,False,"{'a': 0.5, 'e': 0.5}",20,9,11.479656193004562,"{0: 10, 1: 1, 2: 0, 3: 0, 4: 0}",1
276,False,"{'a': 0.5, 'e': 0.5}",25,2,9.913565332450002,"{0: 20, 1: 1, 2: 2, 3: 0, 4: 0}",1
277,False,"{'a': 0.5, 'e': 0.5}",20,0,-37.39897721074339,"{0: 18, 1: 0, 2: 0, 3: 1, 4: 1}",0
278,False,"{'a': 0.5, 'e': 0.5}",25,11,-36.62204277825479,"{0: 11, 1: 1, 2: 1, 3: 0, 4: 1}",1
279,False,"{'a': 0.5, 'e': 0.5}",25,9,-40.46475744629228,"{0: 12, 1: 2, 2: 1, 3: 0, 4: 1}",1
280,False,"{'a': 0.5, 'e': 0.5}",30,21,16.028995714087127,"{0: 9, 1: 0, 2: 0, 3: 0, 4: 0}",1
281,False,"{'a': 0.5, 'e': 0.5}",20,0,-68.66043520904601,"{0: 14, 1: 2, 2: 2, 3: 1, 4: 1}",0
282,False,"{'a': 0.5, 'e': 0.5}",25,11,9.934576469288526,"{0: 13, 1: 0, 2: 1, 3: 0, 4: 0}",1
283,False,"{'a': 0.5, 'e': 0.5}",30,0,-78.83091005963593,"{0: 26, 1: 1, 2: 0, 3: 0, 4: 3}",0
284,False,"{'a': 0.5, 'e': 0.5}",30,9,-19.47197435125754,"{0: 16, 1: 1, 2: 4, 3: 0, 4: 0}",1
285,False,"{'a': 0.5, 'e': 0.5}",35,8,-121.54247016181758,"{0: 20, 1: 1, 2: 3, 3: 0, 4: 3}",1
286,False,"{'a': 0.5, 'e': 0.5}",20,9,2.0187568233728688,"{0: 9, 1: 1, 2: 1, 3: 0, 4: 0}",1
287,False,"{'a': 0.5, 'e': 0.5}",20,14,12.107378523158218,"{0: 6, 1: 0, 2: 0, 3: 0, 4: 0}",1
288,False,"{'a': 0.5, 'e': 0.5}",20,6,-4.784100929750134,"{0: 12, 1: 1, 2: 0, 3: 1, 4: 0}",1
289,False,"{'a': 0.5, 'e': 0.5}",20,0,-54.77430906066258,"{0: 14, 1: 2, 2: 2, 3: 2, 4: 0}",0
290,False,"{'a': 0.5, 'e': 0.5}",25,9,-19.4488390454995,"{0: 12, 1: 0, 2: 4, 3: 0, 4: 0}",1
291,False,"{'a': 0.5, 'e': 0.5}",20,0,-60.05386300658385,"{0: 15, 1: 1, 2: 2, 3: 1, 4: 1}",0
292,False,"{'a': 0.5, 'e': 0.5}",20,12,2.354996861803725,"{0: 7, 1: 0, 2: 1, 3: 0, 4: 0}",1
293,False,"{'a': 0.5, 'e': 0.5}",30,0,-144.38425385703255,"{0: 19, 1: 1, 2: 6, 3: 3, 4: 1}",0
294,False,"{'a': 0.5, 'e': 0.5}",25,0,-49.73878245939086,"{0: 20, 1: 1, 2: 3, 3: 0, 4: 1}",0
295,False,"{'a': 0.5, 'e': 0.5}",25,0,-110.63426801712113,"{0: 17, 1: 3, 2: 2, 3: 1, 4: 2}",0
296,False,"{'a': 0.5, 'e': 0.5}",20,12,-24.258940639679142,"{0: 5, 1: 2, 2: 0, 3: 1, 4: 0}",1
297,False,"{'a': 0.5, 'e': 0.5}",20,7,-25.812823844896773,"{0: 9, 1: 1, 2: 3, 3: 0, 4: 0}",1
298,False,"{'a': 0.5, 'e': 0.5}",25,9,-36.62510560135703,"{0: 13, 1: 0, 2: 2, 3: 0, 4: 1}",1
299,False,"{'a': 0.5, 'e': 0.5}",20,12,-7.522080934633208,"{0: 6, 1: 0, 2: 2, 3: 0, 4: 0}",1
300,False,"{'a': 0.5, 'e': 0.5}",30,10,-4.85296547271497,"{0: 17, 1: 1, 2: 1, 3: 1, 4: 0}",1
301,False,"{'a': 0.5, 'e': 0.5}",20,8,21.717013970671474,"{0: 12, 1: 0, 2: 0, 3: 0, 4: 0}",1
302,False,"{'a': 0.5, 'e': 0.5}",20,3,-74.6427202165385,"{0: 14, 1: 0, 2: 1, 3: 0, 4: 2}",1
303,False,"{'a': 0.5, 'e': 0.5}",25,8,-44.50489153480543,"{0: 13, 1: 1, 2: 2, 3: 0, 4: 1}",1
304,False,"{'a': 0.5, 'e': 0.5}",20,11,7.3180234998808285,"{0: 8, 1: 1, 2: 0, 3: 0, 4: 0}",1
305,False,"{'a': 0.5, 'e': 0.5}",25,4,-8.648062113390019,"{0: 20, 1: 0, 2: 0, 3: 0, 4: 1}",1
306,False,"{'a': 0.5, 'e': 0.5}",25,8,-49.99317653724206,"{0: 12, 1: 0, 2: 3, 3: 2, 4: 0}",1
307,False,"{'a': 0.5, 'e': 0.5}",20,0,-46.843219750767425,"{0: 15, 1: 2, 2: 2, 3: 0, 4: 1}",0
308,False,"{'a': 0.5, 'e': 0.5}",20,9,-22.35167169675024,"{0: 10, 1: 0, 2: 0, 3: 0, 4: 1}",1
309,False,"{'a': 0.5, 'e': 0.5}",20,16,6.801799387592998,"{0: 4, 1: 0, 2: 0, 3: 0, 4: 0}",1
310,False,"{'a': 0.5, 'e': 0.5}",20,0,16.352738498399024,"{0: 19, 1: 1, 2: 0, 3: 0, 4: 0}",0
311,False,"{'a': 0.5, 'e': 0.5}",25,15,-2.3780121956798648,"{0: 7, 1: 3, 2: 0, 3: 0, 4: 0}",1
312,False,"{'a': 0.5, 'e': 0.5}",20,14,8.90327231359896,"{0: 6, 1: 0, 2: 0, 3: 0, 4: 0}",1
313,False,"{'a': 0.5, 'e': 0.5}",25,0,-19.675392197083166,"{0: 20, 1: 1, 2: 3, 3: 1, 4: 0}",0
314,False,"{'a': 0.5, 'e': 0.5}",20,1,-15.530859088616682,"{0: 15, 1: 3, 2: 0, 3: 1, 4: 0}",1
315,False,"{'a': 0.5, 'e': 0.5}",20,2,-41.40165644622067,"{0: 12, 1: 2, 2: 3, 3: 1, 4: 0}",1
316,False,"{'a': 0.5, 'e': 0.5}",20,13,5.718022644241929,"{0: 6, 1: 1, 2: 0, 3: 0, 4: 0}",1
317,False,"{'a': 0.5, 'e': 0.5}",20,8,-16.375861365028573,"{0: 9, 1: 0, 2: 3, 3: 0, 4: 0}",1
318,False,"{'a': 0.5, 'e': 0.5}",25,0,-70.86516015242167,"{0: 19, 1: 0, 2: 4, 3: 1, 4: 1}",0
319,False,"{'a': 0.5, 'e': 0.5}",30,6,-57.18850712766553,"{0: 18, 1: 0, 2: 5, 3: 0, 4: 1}",1
320,False,"{'a': 0.5, 'e': 0.5}",20,0,-4.577625665080779,"{0: 17, 1: 1, 2: 2, 3: 0, 4: 0}",0
321,False,"{'a': 0.5, 'e': 0.5}",20,0,-14.705827367395203,"{0: 17, 1: 0, 2: 2, 3: 1, 4: 0}",0
322,False,"{'a': 0.5, 'e': 0.5}",30,13,-60.28531012203427,"{0: 12, 1: 0, 2: 4, 3: 0, 4: 1}",1
323,False,"{'a': 0.5, 'e': 0.5}",30,2,-43.43443916473166,"{0: 23, 1: 1, 2: 3, 3: 0, 4: 1}",1
324,False,"{'a': 0.5, 'e': 0.5}",20,0,-33.271681915379325,"{0: 14, 1: 2, 2: 4, 3: 0, 4: 0}",0
325,False,"{'a': 0.5, 'e': 0.5}",20,6,-14.883402577605343,"{0: 11, 1: 2, 2: 0, 3: 1, 4: 0}",1
326,False,"{'a': 0.5, 'e': 0.5}",20,13,2.3990970421792914,"{0: 6, 1: 0, 2: 1, 3: 0, 4: 0}",1
327,False,"{'a': 0.5, 'e': 0.5}",30,14,-57.17343867441506,"{0: 12, 1: 0, 2: 2, 3: 1, 4: 1}",1
328,False,"{'a': 0.5, 'e': 0.5}",25,4,-40.50416097548438,"{0: 16, 1: 0, 2: 4, 3: 1, 4: 0}",1
329,False,"{'a': 0.5, 'e': 0.5}",20,4,-73.54537153943814,"{0: 12, 1: 2, 2: 0, 3: 0, 4: 2}",1
330,False,"{'a': 0.5, 'e': 0.5}",30,0,-8.382142259664976,"{0: 26, 1: 1, 2: 2, 3: 1, 4: 0}",0
331,False,"{'a': 0.5, 'e': 0.5}",25,20,8.425360747015285,"{0: 5, 1: 0, 2: 0, 3: 0, 4: 0}",1
332,False,"{'a': 0.5, 'e': 0.5}",25,2,-46.349528635610405,"{0: 18, 1: 1, 2: 3, 3: 0, 4: 1}",1
333,False,"{'a': 0.5, 'e': 0.5}",25,0,-92.00406304774577,"{0: 16, 1: 2, 2: 5, 3: 1, 4: 1}",0
334,False,"{'a': 0.5, 'e': 0.5}",20,6,-9.54152805990348,"{0: 11, 1: 1, 2: 2, 3: 0, 4: 0}",1
335,False,"{'a': 0.5, 'e': 0.5}",35,19,-31.84510153274261,"{0: 13, 1: 1, 2: 1, 3: 0, 4: 1}",1
336,False,"{'a': 0.5, 'e': 0.5}",25,17,13.662670001867184,"{0: 8, 1: 0, 2: 0, 3: 0, 4: 0}",1
337,False,"{'a': 0.5, 'e': 0.5}",25,0,-112.80585550644732,"{0: 18, 1: 0, 2: 4, 3: 1, 4: 2}",0
338,False,"{'a': 0.5, 'e': 0.5}",20,3,-14.01887334331315,"{0: 16, 1: 0, 2: 0, 3: 0, 4: 1}",1
339,False,"{'a': 0.5, 'e': 0.5}",30,0,-91.26628373416527,"{0: 24, 1: 1, 2: 2, 3: 1, 4: 2}",0
340,False,"{'a': 0.5, 'e': 0.5}",25,11,-56.98602736410574,"{0: 8, 1: 3, 2: 2, 3: 0, 4: 1}",1
341,False,"{'a': 0.5, 'e': 0.5}",20,0,-30.222855888993013,"{0: 17, 1: 1, 2: 1, 3: 0, 4: 1}",0
342,False,"{'a': 0.5, 'e': 0.5}",25,19,-0.7745433777934672,"{0: 5, 1: 0, 2: 1, 3: 0, 4: 0}",1
343,False,"{'a': 0.5, 'e': 0.5}",35,23,-35.38355800271531,"{0: 8, 1: 1, 2: 2, 3: 1, 4: 0}",1
344,False,"{'a': 0.5, 'e': 0.5}",30,16,-70.72200294457107,"{0: 8, 1: 1, 2: 4, 3: 0, 4: 1}",1
345,False,"{'a': 0.5, 'e': 0.5}",20,0,-49.00174978025315,"{0: 14, 1: 4, 2: 1, 3: 0, 4: 1}",0
346,False,"{'a': 0.5, 'e': 0.5}",20,0,10.529496936141022,"{0: 18, 1: 0, 2: 2, 3: 0, 4: 0}",0
347,False,"{'a': 0.5, 'e': 0.5}",25,0,-28.819230475792015,"{0: 21, 1: 1, 2: 2, 3: 0, 4: 1}",0
348,False,"{'a': 0.5, 'e': 0.5}",20,10,13.868255646729546,"{0: 10, 1: 0, 2: 0, 3: 0, 4: 0}",1
349,False,"{'a': 0.5, 'e': 0.5}",30,12,-63.98377256308606,"{0: 12, 1: 2, 2: 3, 3: 0, 4: 1}",1
350,False,"{'a': 0.5, 'e': 0.5}",30,11,-49.353660536534136,"{0: 16, 1: 0, 2: 1, 3: 1, 4: 1}",1
351,False,"{'a': 0.5, 'e': 0.5}",30,17,-30.414671062812314,"{0: 9, 1: 1, 2: 2, 3: 1, 4: 0}",1
352,False,"{'a': 0.5, 'e': 0.5}",25,0,-32.260760150206295,"{0: 19, 1: 1, 2: 5, 3: 0, 4: 0}",0
353,False,"{'a': 0.5, 'e': 0.5}",20,0,-17.396871054024324,"{0: 16, 1: 2, 2: 1, 3: 1, 4: 0}",0
354,False,"{'a': 0.5, 'e': 0.5}",20,13,-1.5802706825096973,"{0: 6, 1: 0, 2: 1, 3: 0, 4: 0}",1
355,False,"{'a': 0.5, 'e': 0.5}",35,0,-128.67286211310142,"{0: 26, 1: 1, 2: 4, 3: 2, 4: 2}",0
356,False,"{'a': 0.5, 'e': 0.5}",35,0,-49.17343438076946,"{0: 28, 1: 2, 2: 4, 3: 0, 4: 1}",0
357,False,"{'a': 0.5, 'e': 0.5}",20,12,11.726287850755355,"{0: 8, 1: 0, 2: 0, 3: 0, 4: 0}",1
358,False,"{'a': 0.5, 'e': 0.5}",20,8,-46.77357918732898,"{0: 8, 1: 0, 2: 2, 3: 2, 4: 0}",1
359,False,"{'a': 0.5, 'e': 0.5}",20,8,-54.779773656541096,"{0: 9, 1: 0, 2: 1, 3: 1, 4: 1}",1
360,False,"{'a': 0.5, 'e': 0.5}",25,15,15.977987009479104,"{0: 10, 1: 0, 2: 0, 3: 0, 4: 0}",1
361,False,"{'a': 0.5, 'e': 0.5}",20,15,10.030921263408915,"{0: 5, 1: 0, 2: 0, 3: 0, 4: 0}",1
362,False,"{'a': 0.5, 'e': 0.5}",25,12,-16.032025706007094,"{0: 10, 1: 1, 2: 1, 3: 1, 4: 0}",1
363,False,"{'a': 0.5, 'e': 0.5}",25,10,-33.12167405738315,"{0: 13, 1: 0, 2: 1, 3: 0, 4: 1}",1
364,False,"{'a': 0.5, 'e': 0.5}",20,15,9.162531252655421,"{0: 5, 1: 0, 2: 0, 3: 0, 4: 0}",1
365,False,"{'a': 0.5, 'e': 0.5}",25,11,-19.032159390472838,"{0: 10, 1: 1, 2: 3, 3: 0, 4: 0}",1
366,False,"{'a': 0.5, 'e': 0.5}",30,11,-115.02572084829322,"{0: 14, 1: 1, 2: 1, 3: 0, 4: 3}",1
367,False,"{'a': 0.5, 'e': 0.5}",20,0,-4.201963329368003,"{0: 18, 1: 1, 2: 0, 3: 1, 4: 0}",0
368,False,"{'a': 0.5, 'e': 0.5}",25,6,-1.5507246729106736,"{0: 16, 1: 1, 2: 2, 3: 0, 4: 0}",1
369,False,"{'a': 0.5, 'e': 0.5}",20,0,-50.36252907760846,"{0: 13, 1: 2, 2: 4, 3: 1, 4: 0}",0
370,False,"{'a': 0.5, 'e': 0.5}",20,0,-31.04716325422146,"{0: 14, 1: 1, 2: 5, 3: 0, 4: 0}",0
371,False,"{'a': 0.5, 'e': 0.5}",20,0,-70.63386823634755,"{0: 14, 1: 0, 2: 5, 3: 0, 4: 1}",0
372,False,"{'a': 0.5, 'e': 0.5}",25,18,1.389970612465298,"{0: 6, 1: 0, 2: 1, 3: 0, 4: 0}",1
373,False,"{'a': 0.5, 'e': 0.5}",25,0,-10.114681946710556,"{0: 21, 1: 2, 2: 1, 3: 1, 4: 0}",1
374,False,"{'a': 0.5, 'e': 0.5}",30,13,-51.25971768517788,"{0: 12, 1: 1, 2: 3, 3: 0, 4: 1}",1
375,False,"{'a': 0.5, 'e': 0.5}",35,3,-165.24642345215585,"{0: 23, 1: 2, 2: 3, 3: 0, 4: 4}",1
376,False,"{'a': 0.5, 'e': 0.5}",20,0,-61.04957414028389,"{0: 14, 1: 2, 2: 3, 3: 0, 4: 1}",0
377,False,"{'a': 0.5, 'e': 0.5}",20,0,-16.266707132415146,"{0: 16, 1: 1, 2: 3, 3: 0, 4: 0}",0
378,False,"{'a': 0.5, 'e': 0.5}",20,8,-33.28683612609665,"{0: 9, 1: 2, 2: 0, 3: 0, 4: 1}",1
379,False,"{'a': 0.5, 'e': 0.5}",20,11,6.006703021126439,"{0: 8, 1: 0, 2: 1, 3: 0, 4: 0}",1
380,False,"{'a': 0.5, 'e': 0.5}",20,0,-42.2387663193504,"{0: 16, 1: 1, 2: 2, 3: 0, 4: 1}",0
381,False,"{'a': 0.5, 'e': 0.5}",20,6,7.928301610690045,"{0: 13, 1: 0, 2: 1, 3: 0, 4: 0}",1
382,False,"{'a': 0.5, 'e': 0.5}",25,14,-61.344198529055184,"{0: 7, 1: 1, 2: 1, 3: 1, 4: 1}",1
383,False,"{'a': 0.5, 'e': 0.5}",20,12,1.8790642099273855,"{0: 7, 1: 0, 2: 1, 3: 0, 4: 0}",1
384,False,"{'a': 0.5, 'e': 0.5}",20,0,-15.746233959167627,"{0: 15, 1: 3, 2: 2, 3: 0, 4: 0}",0
385,False,"{'a': 0.5, 'e': 0.5}",25,16,-44.824376172757965,"{0: 6, 1: 1, 2: 1, 3: 0, 4: 1}",1
386,False,"{'a': 0.5, 'e': 0.5}",20,0,13.397330428335088,"{0: 19, 1: 0, 2: 1, 3: 0, 4: 0}",0
387,False,"{'a': 0.5, 'e': 0.5}",20,16,6.874702781387532,"{0: 4, 1: 0, 2: 0, 3: 0, 4: 0}",1
388,False,"{'a': 0.5, 'e': 0.5}",20,1,-29.81676971112058,"{0: 16, 1: 1, 2: 1, 3: 0, 4: 1}",1
389,False,"{'a': 0.5, 'e': 0.5}",25,9,11.93808168537637,"{0: 15, 1: 0, 2: 1, 3: 0, 4: 0}",1
390,False,"{'a': 0.5, 'e': 0.5}",20,5,-77.70830382389858,"{0: 8, 1: 3, 2: 2, 3: 1, 4: 1}",1
391,False,"{'a': 0.5, 'e': 0.5}",30,7,12.973161587238442,"{0: 21, 1: 1, 2: 1, 3: 0, 4: 0}",1
392,False,"{'a': 0.5, 'e': 0.5}",20,13,14.364974856820584,"{0: 7, 1: 0, 2: 0, 3: 0, 4: 0}",1
393,False,"{'a': 0.5, 'e': 0.5}",20,0,-51.2233627573731,"{0: 15, 1: 2, 2: 2, 3: 0, 4: 1}",0
394,False,"{'a': 0.5, 'e': 0.5}",20,9,-13.676540313021803,"{0: 9, 1: 0, 2: 1, 3: 1, 4: 0}",1
395,False,"{'a': 0.5, 'e': 0.5}",20,16,7.00385160195177,"{0: 4, 1: 0, 2: 0, 3: 0, 4: 0}",1
396,False,"{'a': 0.5, 'e': 0.5}",20,7,-4.395631222365585,"{0: 11, 1: 0, 2: 2, 3: 0, 4: 0}",1
397,False,"{'a': 0.5, 'e': 0.5}",20,5,8.247057154076337,"{0: 14, 1: 0, 2: 1, 3: 0, 4: 0}",1
398,False,"{'a': 0.5, 'e': 0.5}",25,17,5.397398639803703,"{0: 7, 1: 1, 2: 0, 3: 0, 4: 0}",1
399,False,"{'a': 0.5, 'e': 0.5}",20,12,-16.468946677137247,"{0: 6, 1: 0, 2: 1, 3: 1, 4: 0}",1
400,False,"{'a': 0.5, 'e': 0.5}",20,14,10.169774641812502,"{0: 6, 1: 0, 2: 0, 3: 0, 4: 0}",1
401,False,"{'a': 0.5, 'e': 0.5}",25,0,-38.305873542412606,"{0: 22, 1: 1, 2: 0, 3: 1, 4: 1}",0
402,False,"{'a': 0.5, 'e': 0.5}",20,15,9.086263802576436,"{0: 5, 1: 0, 2: 0, 3: 0, 4: 0}",1
403,False,"{'a': 0.5, 'e': 0.5}",20,0,-30.772496902803603,"{0: 15, 1: 0, 2: 5, 3: 0, 4: 0}",0
404,False,"{'a': 0.5, 'e': 0.5}",25,0,-102.91536358226757,"{0: 17, 1: 5, 2: 0, 3: 1, 4: 2}",0
405,False,"{'a': 0.5, 'e': 0.5}",30,19,-24.765377617603477,"{0: 10, 1: 0, 2: 0, 3: 0, 4: 1}",1
406,False,"{'a': 0.5, 'e': 0.5}",25,0,-141.637688885063,"{0: 17, 1: 1, 2: 4, 3: 0, 4: 3}",0
407,False,"{'a': 0.5, 'e': 0.5}",20,0,-24.612386009651892,"{0: 18, 1: 0, 2: 1, 3: 0, 4: 1}",0
408,False,"{'a': 0.5, 'e': 0.5}",25,7,-80.76908393533645,"{0: 12, 1: 1, 2: 2, 3: 2, 4: 1}",1
409,False,"{'a': 0.5, 'e': 0.5}",20,7,-27.95675258069163,"{0: 9, 1: 2, 2: 1, 3: 1, 4: 0}",1
410,False,"{'a': 0.5, 'e': 0.5}",20,0,-45.11675318702957,"{0: 16, 1: 1, 2: 2, 3: 0, 4: 1}",0
411,False,"{'a': 0.5, 'e': 0.5}",25,2,-45.53820171979035,"{0: 17, 1: 0, 2: 5, 3: 1, 4: 0}",1
412,False,"{'a': 0.5, 'e': 0.5}",20,0,16.953153561383328,"{0: 19, 1: 0, 2: 1, 3: 0, 4: 0}",0
413,False,"{'a': 0.5, 'e': 0.5}",25,11,-7.920473718025436,"{0: 10, 1: 3, 2: 1, 3: 0, 4: 0}",1
414,False,"{'a': 0.5, 'e': 0.5}",20,0,-61.813385311334905,"{0: 15, 1: 2, 2: 1, 3: 1, 4: 1}",0
415,False,"{'a': 0.5, 'e': 0.5}",20,0,-56.69665566993674,"{0: 15, 1: 0, 2: 4, 3: 0, 4: 1}",0
416,False,"{'a': 0.5, 'e': 0.5}",25,2,-19.41939731424816,"{0: 21, 1: 0, 2: 1, 3: 0, 4: 1}",1
417,False,"{'a': 0.5, 'e': 0.5}",30,13,-13.477684365279938,"{0: 14, 1: 1, 2: 1, 3: 1, 4: 0}",1
418,False,"{'a': 0.5, 'e': 0.5}",20,8,-54.690470727132805,"{0: 8, 1: 0, 2: 3, 3: 0, 4: 1}",1
419,False,"{'a': 0.5, 'e': 0.5}",20,0,-28.08098269530093,"{0: 18, 1: 0, 2: 1, 3: 0, 4: 1}",0
420,False,"{'a': 0.5, 'e': 0.5}",25,0,11.573492001197465,"{0: 23, 1: 1, 2: 1, 3: 0, 4: 0}",0
421,False,"{'a': 0.5, 'e': 0.5}",30,17,-3.724099758514115,"{0: 11, 1: 0, 2: 2, 3: 0, 4: 0}",1
422,False,"{'a': 0.5, 'e': 0.5}",25,1,-57.87246483659102,"{0: 18, 1: 1, 2: 4, 3: 0, 4: 1}",1
423,False,"{'a': 0.5, 'e': 0.5}",25,0,-75.4142541552861,"{0: 18, 1: 0, 2: 6, 3: 0, 4: 1}",1
424,False,"{'a': 0.5, 'e': 0.5}",20,0,-109.11342847102573,"{0: 14, 1: 1, 2: 2, 3: 1, 4: 2}",0
425,False,"{'a': 0.5, 'e': 0.5}",30,7,-13.141357180601617,"{0: 18, 1: 1, 2: 4, 3: 0, 4: 0}",1
426,False,"{'a': 0.5, 'e': 0.5}",25,0,-79.48418424675707,"{0: 20, 1: 0, 2: 3, 3: 0, 4: 2}",0
427,False,"{'a': 0.5, 'e': 0.5}",20,0,-71.45349580717544,"{0: 15, 1: 0, 2: 3, 3: 1, 4: 1}",0
428,False,"{'a': 0.5, 'e': 0.5}",20,0,-17.706013430020196,"{0: 17, 1: 0, 2: 2, 3: 1, 4: 0}",0
429,False,"{'a': 0.5, 'e': 0.5}",25,16,-3.40825667749578,"{0: 7, 1: 0, 2: 2, 3: 0, 4: 0}",1
430,False,"{'a': 0.5, 'e': 0.5}",20,3,-11.138977057834595,"{0: 14, 1: 0, 2: 3, 3: 0, 4: 0}",1
431,False,"{'a': 0.5, 'e': 0.5}",20,0,-89.14855911734978,"{0: 15, 1: 0, 2: 3, 3: 0, 4: 2}",0
432,False,"{'a': 0.5, 'e': 0.5}",20,3,-80.34854070807224,"{0: 13, 1: 0, 2: 2, 3: 0, 4: 2}",1
433,False,"{'a': 0.5, 'e': 0.5}",30,0,-49.53702985678247,"{0: 22, 1: 2, 2: 4, 3: 2, 4: 0}",0
434,False,"{'a': 0.5, 'e': 0.5}",20,0,-37.45218968747653,"{0: 16, 1: 2, 2: 1, 3: 0, 4: 1}",0
435,False,"{'a': 0.5, 'e': 0.5}",20,0,-13.069695389015603,"{0: 15, 1: 3, 2: 2, 3: 0, 4: 0}",0
436,False,"{'a': 0.5, 'e': 0.5}",25,2,-28.570940087033094,"{0: 19, 1: 2, 2: 1, 3: 0, 4: 1}",1
437,False,"{'a': 0.5, 'e': 0.5}",20,0,-90.96146530951177,"{0: 14, 1: 0, 2: 3, 3: 2, 4: 1}",0
438,False,"{'a': 0.5, 'e': 0.5}",20,11,4.001814731643207,"{0: 8, 1: 0, 2: 1, 3: 0, 4: 0}",1
439,False,"{'a': 0.5, 'e': 0.5}",30,0,-24.858756349370307,"{0: 25, 1: 1, 2: 3, 3: 1, 4: 0}",0
440,False,"{'a': 0.5, 'e': 0.5}",35,4,-92.49389200544427,"{0: 21, 1: 3, 2: 5, 3: 1, 4: 1}",1
441,False,"{'a': 0.5, 'e': 0.5}",25,5,-8.927952063485876,"{0: 17, 1: 0, 2: 2, 3: 1, 4: 0}",1
442,False,"{'a': 0.5, 'e': 0.5}",20,10,-60.5675502689124,"{0: 6, 1: 0, 2: 3, 3: 0, 4: 1}",1
443,False,"{'a': 0.5, 'e': 0.5}",25,0,-39.02071302022868,"{0: 21, 1: 0, 2: 3, 3: 0, 4: 1}",0
444,False,"{'a': 0.5, 'e': 0.5}",20,0,-47.84409956873645,"{0: 14, 1: 2, 2: 2, 3: 2, 4: 0}",0
445,False,"{'a': 0.5, 'e': 0.5}",20,5,-51.54844198632189,"{0: 10, 1: 0, 2: 3, 3: 2, 4: 0}",1
446,False,"{'a': 0.5, 'e': 0.5}",20,13,-30.375009248595763,"{0: 6, 1: 0, 2: 0, 3: 0, 4: 1}",1
447,False,"{'a': 0.5, 'e': 0.5}",20,0,-53.645222755590034,"{0: 17, 1: 1, 2: 0, 3: 0, 4: 2}",0
448,False,"{'a': 0.5, 'e': 0.5}",20,8,-46.73143860495843,"{0: 9, 1: 0, 2: 2, 3: 0, 4: 1}",1
449,False,"{'a': 0.5, 'e': 0.5}",20,0,-12.225337312218999,"{0: 17, 1: 1, 2: 1, 3: 1, 4: 0}",0
450,False,"{'a': 0.5, 'e': 0.5}",20,0,-12.747360312237998,"{0: 16, 1: 1, 2: 3, 3: 0, 4: 0}",0
451,False,"{'a': 0.5, 'e': 0.5}",25,0,-88.54547776713842,"{0: 20, 1: 1, 2: 1, 3: 1, 4: 2}",0
452,False,"{'a': 0.5, 'e': 0.5}",25,0,-49.41349972281864,"{0: 20, 1: 2, 2: 1, 3: 1, 4: 1}",0
453,False,"{'a': 0.5, 'e': 0.5}",20,0,28.12344020297852,"{0: 20, 1: 0, 2: 0, 3: 0, 4: 0}",0
454,False,"{'a': 0.5, 'e': 0.5}",20,11,-24.426783370738992,"{0: 8, 1: 0, 2: 0, 3: 0, 4: 1}",1
455,False,"{'a': 0.5, 'e': 0.5}",25,7,-77.98609484156984,"{0: 12, 1: 1, 2: 3, 3: 1, 4: 1}",1
456,False,"{'a': 0.5, 'e': 0.5}",20,5,-10.735617073216078,"{0: 12, 1: 0, 2: 3, 3: 0, 4: 0}",1
457,False,"{'a': 0.5, 'e': 0.5}",25,9,3.68159073139516,"{0: 14, 1: 1, 2: 1, 3: 0, 4: 0}",1
458,False,"{'a': 0.5, 'e': 0.5}",25,11,-86.13167558989319,"{0: 9, 1: 0, 2: 2, 3: 2, 4: 1}",1
459,False,"{'a': 0.5, 'e': 0.5}",20,0,-64.17398381581545,"{0: 17, 1: 0, 2: 1, 3: 0, 4: 2}",0
460,False,"{'a': 0.5, 'e': 0.5}",20,5,-43.5470547576373,"{0: 11, 1: 0, 2: 2, 3: 2, 4: 0}",1
461,False,"{'a': 0.5, 'e': 0.5}",20,14,-29.642859476609743,"{0: 5, 1: 0, 2: 0, 3: 0, 4: 1}",1
462,False,"{'a': 0.5, 'e': 0.5}",25,13,-48.34463107476343,"{0: 8, 1: 2, 2: 1, 3: 0, 4: 1}",1
463,False,"{'a': 0.5, 'e': 0.5}",20,11,-53.19668157393076,"{0: 4, 1: 0, 2: 4, 3: 1, 4: 0}",1
464,False,"{'a': 0.5, 'e': 0.5}",30,12,-4.917866962766732,"{0: 16, 1: 0, 2: 1, 3: 1, 4: 0}",1
465,False,"{'a': 0.5, 'e': 0.5}",25,0,5.056593509607753,"{0: 22, 1: 1, 2: 2, 3: 0, 4: 0}",1
466,False,"{'a': 0.5, 'e': 0.5}",35,0,-106.33225985489447,"{0: 26, 1: 1, 2: 6, 3: 0, 4: 2}",0
467,False,"{'a': 0.5, 'e': 0.5}",20,0,-95.00037806321723,"{0: 11, 1: 2, 2: 6, 3: 0, 4: 1}",0
468,False,"{'a': 0.5, 'e': 0.5}",20,2,-33.70537551172041,"{0: 13, 1: 1, 2: 3, 3: 1, 4: 0}",1
469,False,"{'a': 0.5, 'e': 0.5}",25,0,-82.1610576627613,"{0: 20, 1: 0, 2: 3, 3: 0, 4: 2}",0
470,False,"{'a': 0.5, 'e': 0.5}",25,2,-11.531780382257681,"{0: 18, 1: 2, 2: 3, 3: 0, 4: 0}",1
471,False,"{'a': 0.5, 'e': 0.5}",20,16,8.743254863901676,"{0: 4, 1: 0, 2: 0, 3: 0, 4: 0}",1
472,False,"{'a': 0.5, 'e': 0.5}",25,11,-26.279119660293354,"{0: 12, 1: 0, 2: 1, 3: 0, 4: 1}",1
473,False,"{'a': 0.5, 'e': 0.5}",35,10,-213.84791898939892,"{0: 16, 1: 2, 2: 1, 3: 1, 4: 5}",1
474,False,"{'a': 0.5, 'e': 0.5}",30,0,-66.75098122249942,"{0: 24, 1: 0, 2: 4, 3: 1, 4: 1}",0
475,False,"{'a': 0.5, 'e': 0.5}",20,0,-23.31207112121828,"{0: 16, 1: 0, 2: 3, 3: 1, 4: 0}",0
476,False,"{'a': 0.5, 'e': 0.5}",20,10,13.975918714635037,"{0: 10, 1: 0, 2: 0, 3: 0, 4: 0}",1
477,False,"{'a': 0.5, 'e': 0.5}",20,0,-34.7240708869223,"{0: 15, 1: 1, 2: 3, 3: 1, 4: 0}",0
478,False,"{'a': 0.5, 'e': 0.5}",25,12,-48.430060488073806,"{0: 9, 1: 1, 2: 2, 3: 0, 4: 1}",1
479,False,"{'a': 0.5, 'e': 0.5}",20,2,6.621866357834862,"{0: 15, 1: 2, 2: 1, 3: 0, 4: 0}",1
480,False,"{'a': 0.5, 'e': 0.5}",25,0,-80.45008292839984,"{0: 19, 1: 2, 2: 2, 3: 0, 4: 2}",0
481,False,"{'a': 0.5, 'e': 0.5}",25,7,-32.36394567097895,"{0: 12, 1: 2, 2: 4, 3: 0, 4: 0}",1
482,False,"{'a': 0.5, 'e': 0.5}",25,0,-8.872310486776637,"{0: 22, 1: 1, 2: 1, 3: 1, 4: 0}",0
483,False,"{'a': 0.5, 'e': 0.5}",30,16,5.552225896138659,"{0: 12, 1: 2, 2: 0, 3: 0, 4: 0}",1
484,False,"{'a': 0.5, 'e': 0.5}",25,9,-119.28450234432303,"{0: 10, 1: 0, 2: 3, 3: 1, 4: 2}",1
485,False,"{'a': 0.5, 'e': 0.5}",30,0,-115.70822936782358,"{0: 20, 1: 3, 2: 5, 3: 0, 4: 2}",0
486,False,"{'a': 0.5, 'e': 0.5}",30,22,6.390910507822894,"{0: 7, 1: 0, 2: 1, 3: 0, 4: 0}",1
487,False,"{'a': 0.5, 'e': 0.5}",20,13,8.738906749939021,"{0: 7, 1: 0, 2: 0, 3: 0, 4: 0}",1
488,False,"{'a': 0.5, 'e': 0.5}",30,17,14.06384915543817,"{0: 12, 1: 0, 2: 1, 3: 0, 4: 0}",1
489,False,"{'a': 0.5, 'e': 0.5}",20,11,5.970403186078264,"{0: 8, 1: 0, 2: 1, 3: 0, 4: 0}",1
490,False,"{'a': 0.5, 'e': 0.5}",20,0,-13.333331273783372,"{0: 17, 1: 0, 2: 2, 3: 1, 4: 0}",0
491,False,"{'a': 0.5, 'e': 0.5}",25,12,-20.45679078644086,"{0: 10, 1: 0, 2: 2, 3: 1, 4: 0}",1
492,False,"{'a': 0.5, 'e': 0.5}",20,0,-18.294216397668073,"{0: 16, 1: 0, 2: 4, 3: 0, 4: 0}",0
493,False,"{'a': 0.5, 'e': 0.5}",25,0,-22.223235707285248,"{0: 19, 1: 3, 2: 3, 3: 0, 4: 0}",0
494,False,"{'a': 0.5, 'e': 0.5}",20,11,15.732459865238848,"{0: 9, 1: 0, 2: 0, 3: 0, 4: 0}",1
495,False,"{'a': 0.5, 'e': 0.5}",20,13,1.9065615920633148,"{0: 6, 1: 0, 2: 1, 3: 0, 4: 0}",1
496,False,"{'a': 0.5, 'e': 0.5}",25,5,-44.92718659705595,"{0: 16, 1: 0, 2: 3, 3: 0, 4: 1}",1
497,False,"{'a': 0.5, 'e': 0.5}",30,4,-47.472701196145735,"{0: 20, 1: 2, 2: 3, 3: 0, 4: 1}",1
498,False,"{'a': 0.5, 'e': 0.5}",20,13,-37.53559542966338,"{0: 5, 1: 1, 2: 0, 3: 0, 4: 1}",1
499,False,"{'a': 0.5, 'e': 0.5}",30,23,3.8644646046631097,"{0: 6, 1: 1, 2: 0, 3: 0, 4: 0}",1
500,False,"{'a': 0.5, 'e': 0.5}",20,6,21.539395649149228,"{0: 14, 1: 0, 2: 0, 3: 0, 4: 0}",1
501,False,"{'a': 0.5, 'e': 0.5}",20,6,6.729167040916442,"{0: 13, 1: 0, 2: 1, 3: 0, 4: 0}",1
502,False,"{'a': 0.5, 'e': 0.5}",20,13,-3.898198390321819,"{0: 5, 1: 1, 2: 1, 3: 0, 4: 0}",1
503,False,"{'a': 0.5, 'e': 0.5}",20,1,-25.773489195651237,"{0: 17, 1: 0, 2: 1, 3: 0, 4: 1}",1
504,False,"{'a': 0.5, 'e': 0.5}",35,11,1.6821909025826451,"{0: 21, 1: 0, 2: 3, 3: 0, 4: 0}",1
505,False,"{'a': 0.5, 'e': 0.5}",20,11,3.957236094351822,"{0: 8, 1: 0, 2: 1, 3: 0, 4: 0}",1
506,False,"{'a': 0.5, 'e': 0.5}",20,10,11.497936884575633,"{0: 9, 1: 1, 2: 0, 3: 0, 4: 0}",1
507,False,"{'a': 0.5, 'e': 0.5}",30,13,-42.69481298820458,"{0: 12, 1: 0, 2: 4, 3: 1, 4: 0}",1
508,False,"{'a': 0.5, 'e': 0.5}",20,0,-143.27573224885845,"{0: 13, 1: 2, 2: 1, 3: 1, 4: 3}",0
509,False,"{'a': 0.5, 'e': 0.5}",25,17,-0.15156853239256618,"{0: 7, 1: 0, 2: 1, 3: 0, 4: 0}",1
510,False,"{'a': 0.5, 'e': 0.5}",25,3,-1.586697945336384,"{0: 19, 1: 0, 2: 3, 3: 0, 4: 0}",1
511,False,"{'a': 0.5, 'e': 0.5}",20,0,-129.1486573283605,"{0: 12, 1: 0, 2: 5, 3: 1, 4: 2}",0
512,False,"{'a': 0.5, 'e': 0.5}",30,9,8.088969741131027,"{0: 18, 1: 2, 2: 1, 3: 0, 4: 0}",1
513,False,"{'a': 0.5, 'e': 0.5}",20,9,16.629131952866402,"{0: 11, 1: 0, 2: 0, 3: 0, 4: 0}",1
514,False,"{'a': 0.5, 'e': 0.5}",25,17,2.5561719301580172,"{0: 7, 1: 0, 2: 1, 3: 0, 4: 0}",1
515,False,"{'a': 0.5, 'e': 0.5}",35,15,-105.97703019844317,"{0: 12, 1: 3, 2: 3, 3: 0, 4: 2}",1
516,False,"{'a': 0.5, 'e': 0.5}",25,0,-87.11942084926545,"{0: 19, 1: 1, 2: 3, 3: 0, 4: 2}",0
517,False,"{'a': 0.5, 'e': 0.5}",20,7,-77.41223995654062,"{0: 9, 1: 1, 2: 1, 3: 0, 4: 2}",1
518,False,"{'a': 0.5, 'e': 0.5}",25,17,-8.034243578285995,"{0: 6, 1: 0, 2: 2, 3: 0, 4: 0}",1
519,False,"{'a': 0.5, 'e': 0.5}",20,2,-32.07260103085162,"{0: 13, 1: 1, 2: 3, 3: 1, 4: 0}",1
520,False,"{'a': 0.5, 'e': 0.5}",20,0,-67.05008149258391,"{0: 15, 1: 2, 2: 0, 3: 2, 4: 1}",0
521,False,"{'a': 0.5, 'e': 0.5}",20,5,-62.70040089741249,"{0: 11, 1: 0, 2: 2, 3: 1, 4: 1}",1
522,False,"{'a': 0.5, 'e': 0.5}",20,2,-75.01520294005783,"{0: 15, 1: 0, 2: 0, 3: 1, 4: 2}",1
523,False,"{'a': 0.5, 'e': 0.5}",20,8,-3.5549522948229493,"{0: 10, 1: 0, 2: 2, 3: 0, 4: 0}",1
524,False,"{'a': 0.5, 'e': 0.5}",20,3,-6.539268669634732,"{0: 14, 1: 0, 2: 3, 3: 0, 4: 0}",1
525,False,"{'a': 0.5, 'e': 0.5}",20,0,-66.04660305546491,"{0: 17, 1: 0, 2: 1, 3: 0, 4: 2}",0
526,False,"{'a': 0.5, 'e': 0.5}",25,7,13.780312567746002,"{0: 17, 1: 0, 2: 1, 3: 0, 4: 0}",1
527,False,"{'a': 0.5, 'e': 0.5}",25,7,-11.336531728392812,"{0: 17, 1: 0, 2: 0, 3: 0, 4: 1}",1
528,False,"{'a': 0.5, 'e': 0.5}",25,0,-61.89805919901924,"{0: 20, 1: 1, 2: 2, 3: 1, 4: 1}",0
529,False,"{'a': 0.5, 'e': 0.5}",25,12,-4.512629193615611,"{0: 10, 1: 1, 2: 2, 3: 0, 4: 0}",1
530,False,"{'a': 0.5, 'e': 0.5}",20,0,-124.89891759690528,"{0: 14, 1: 1, 2: 2, 3: 0, 4: 3}",0
531,False,"{'a': 0.5, 'e': 0.5}",20,0,3.33520902300796,"{0: 17, 1: 1, 2: 2, 3: 0, 4: 0}",0
532,False,"{'a': 0.5, 'e': 0.5}",30,5,-26.89147392291308,"{0: 19, 1: 2, 2: 3, 3: 1, 4: 0}",1
533,False,"{'a': 0.5, 'e': 0.5}",20,0,-83.20580112724537,"{0: 15, 1: 1, 2: 2, 3: 0, 4: 2}",0
534,False,"{'a': 0.5, 'e': 0.5}",20,0,-56.93872318682789,"{0: 15, 1: 0, 2: 4, 3: 0, 4: 1}",1
535,False,"{'a': 0.5, 'e': 0.5}",20,0,-25.80836317130837,"{0: 18, 1: 0, 2: 1, 3: 0, 4: 1}",0
536,False,"{'a': 0.5, 'e': 0.5}",20,7,-32.95915922692901,"{0: 11, 1: 0, 2: 1, 3: 0, 4: 1}",1
537,False,"{'a': 0.5, 'e': 0.5}",20,0,-55.470696835210966,"{0: 16, 1: 0, 2: 2, 3: 1, 4: 1}",1
538,False,"{'a': 0.5, 'e': 0.5}",25,11,-41.23377812351958,"{0: 12, 1: 0, 2: 0, 3: 1, 4: 1}",1
539,False,"{'a': 0.5, 'e': 0.5}",25,2,-35.81190620350812,"{0: 20, 1: 0, 2: 1, 3: 1, 4: 1}",1
540,False,"{'a': 0.5, 'e': 0.5}",20,9,-4.008755910250456,"{0: 9, 1: 0, 2: 2, 3: 0, 4: 0}",1
541,False,"{'a': 0.5, 'e': 0.5}",25,18,14.763579900255456,"{0: 7, 1: 0, 2: 0, 3: 0, 4: 0}",1
542,False,"{'a': 0.5, 'e': 0.5}",20,3,-43.39614430193532,"{0: 13, 1: 1, 2: 2, 3: 0, 4: 1}",1
543,False,"{'a': 0.5, 'e': 0.5}",25,16,19.70807174211123,"{0: 9, 1: 0, 2: 0, 3: 0, 4: 0}",1
544,False,"{'a': 0.5, 'e': 0.5}",20,0,-68.746254086655,"{0: 16, 1: 0, 2: 1, 3: 2, 4: 1}",0
545,False,"{'a': 0.5, 'e': 0.5}",30,0,-6.7746034601245615,"{0: 26, 1: 1, 2: 2, 3: 1, 4: 0}",0
546,False,"{'a': 0.5, 'e': 0.5}",20,13,-8.44627471579542,"{0: 6, 1: 0, 2: 0, 3: 1, 4: 0}",1
547,False,"{'a': 0.5, 'e': 0.5}",20,0,-89.94346296044459,"{0: 13, 1: 2, 2: 2, 3: 2, 4: 1}",1
548,False,"{'a': 0.5, 'e': 0.5}",25,1,-20.152123918384618,"{0: 20, 1: 0, 2: 3, 3: 1, 4: 0}",1
549,False,"{'a': 0.5, 'e': 0.5}",25,8,-4.588018686851791,"{0: 14, 1: 0, 2: 3, 3: 0, 4: 0}",1
550,False,"{'a': 0.5, 'e': 0.5}",20,0,-109.26392490897402,"{0: 11, 1: 1, 2: 6, 3: 1, 4: 1}",0
551,False,"{'a': 0.5, 'e': 0.5}",25,7,-8.80837020521716,"{0: 15, 1: 1, 2: 1, 3: 1, 4: 0}",1
552,False,"{'a': 0.5, 'e': 0.5}",25,8,2.327584827313107,"{0: 14, 1: 2, 2: 1, 3: 0, 4: 0}",1
553,False,"{'a': 0.5, 'e': 0.5}",30,4,-38.644774089831714,"{0: 22, 1: 0, 2: 3, 3: 0, 4: 1}",1
554,False,"{'a': 0.5, 'e': 0.5}",25,13,-65.64715379773541,"{0: 10, 1: 0, 2: 0, 3: 0, 4: 2}",1
555,False,"{'a': 0.5, 'e': 0.5}",30,13,-34.47655558437624,"{0: 11, 1: 3, 2: 2, 3: 1, 4: 0}",1
556,False,"{'a': 0.5, 'e': 0.5}",20,0,-95.53274415376339,"{0: 14, 1: 3, 2: 0, 3: 1, 4: 2}",0
557,False,"{'a': 0.5, 'e': 0.5}",20,0,-48.234029996631406,"{0: 16, 1: 1, 2: 2, 3: 0, 4: 1}",0
558,False,"{'a': 0.5, 'e': 0.5}",30,18,-103.11746689506758,"{0: 9, 1: 0, 2: 0, 3: 0, 4: 3}",1
559,False,"{'a': 0.5, 'e': 0.5}",20,6,-0.9161437546073214,"{0: 12, 1: 0, 2: 2, 3: 0, 4: 0}",1
560,False,"{'a': 0.5, 'e': 0.5}",20,0,-25.33724015441063,"{0: 15, 1: 0, 2: 5, 3: 0, 4: 0}",0
561,False,"{'a': 0.5, 'e': 0.5}",20,15,7.477214890009126,"{0: 5, 1: 0, 2: 0, 3: 0, 4: 0}",1
562,False,"{'a': 0.5, 'e': 0.5}",20,9,-2.9201851918533017,"{0: 9, 1: 0, 2: 2, 3: 0, 4: 0}",1
563,False,"{'a': 0.5, 'e': 0.5}",20,7,-24.139356676770642,"{0: 9, 1: 0, 2: 4, 3: 0, 4: 0}",1
564,False,"{'a': 0.5, 'e': 0.5}",20,12,-28.64388466343203,"{0: 7, 1: 0, 2: 0, 3: 0, 4: 1}",1
565,False,"{'a': 0.5, 'e': 0.5}",20,1,-3.8377879489591313,"{0: 16, 1: 0, 2: 3, 3: 0, 4: 0}",1
566,False,"{'a': 0.5, 'e': 0.5}",20,0,13.501893697593424,"{0: 18, 1: 1, 2: 1, 3: 0, 4: 0}",0
567,False,"{'a': 0.5, 'e': 0.5}",20,7,-1.3630872531975298,"{0: 11, 1: 0, 2: 2, 3: 0, 4: 0}",1
568,False,"{'a': 0.5, 'e': 0.5}",25,1,20.1977167584292,"{0: 23, 1: 0, 2: 1, 3: 0, 4: 0}",1
569,False,"{'a': 0.5, 'e': 0.5}",20,0,-77.57303836534255,"{0: 12, 1: 3, 2: 4, 3: 0, 4: 1}",0
570,False,"{'a': 0.5, 'e': 0.5}",20,5,-69.79414951753861,"{0: 10, 1: 0, 2: 4, 3: 0, 4: 1}",1
571,False,"{'a': 0.5, 'e': 0.5}",20,0,-19.55046965693002,"{0: 16, 1: 1, 2: 2, 3: 1, 4: 0}",0
572,False,"{'a': 0.5, 'e': 0.5}",20,2,7.055199749521579,"{0: 16, 1: 2, 2: 0, 3: 0, 4: 0}",1
573,False,"{'a': 0.5, 'e': 0.5}",25,0,18.851104199242602,"{0: 23, 1: 0, 2: 2, 3: 0, 4: 0}",0
574,False,"{'a': 0.5, 'e': 0.5}",30,2,-28.627681461111962,"{0: 24, 1: 2, 2: 1, 3: 0, 4: 1}",1
575,False,"{'a': 0.5, 'e': 0.5}",25,8,-14.649934015940797,"{0: 13, 1: 1, 2: 3, 3: 0, 4: 0}",1
576,False,"{'a': 0.5, 'e': 0.5}",20,4,7.337638414017192,"{0: 14, 1: 1, 2: 1, 3: 0, 4: 0}",1
577,False,"{'a': 0.5, 'e': 0.5}",20,4,5.970984335847144,"{0: 14, 1: 1, 2: 1, 3: 0, 4: 0}",1
578,False,"{'a': 0.5, 'e': 0.5}",20,14,0.1758766224801258,"{0: 5, 1: 0, 2: 1, 3: 0, 4: 0}",1
579,False,"{'a': 0.5, 'e': 0.5}",20,0,-58.13828178922035,"{0: 15, 1: 0, 2: 4, 3: 0, 4: 1}",0
580,False,"{'a': 0.5, 'e': 0.5}",30,13,-50.30258518808135,"{0: 10, 1: 3, 2: 3, 3: 1, 4: 0}",1
581,False,"{'a': 0.5, 'e': 0.5}",20,9,-6.897889798401353,"{0: 8, 1: 1, 2: 2, 3: 0, 4: 0}",1
582,False,"{'a': 0.5, 'e': 0.5}",20,12,-49.743113102987145,"{0: 5, 1: 0, 2: 2, 3: 0, 4: 1}",1
583,False,"{'a': 0.5, 'e': 0.5}",20,0,-67.33238003941459,"{0: 13, 1: 3, 2: 3, 3: 0, 4: 1}",0
584,False,"{'a': 0.5, 'e': 0.5}",30,8,-29.908557523807012,"{0: 17, 1: 2, 2: 2, 3: 1, 4: 0}",1
585,False,"{'a': 0.5, 'e': 0.5}",20,0,-102.17703817053298,"{0: 15, 1: 0, 2: 2, 3: 1, 4: 2}",0
586,False,"{'a': 0.5, 'e': 0.5}",20,8,-14.442170080737085,"{0: 11, 1: 0, 2: 0, 3: 0, 4: 1}",1
587,False,"{'a': 0.5, 'e': 0.5}",25,2,-46.04681982233188,"{0: 17, 1: 0, 2: 5, 3: 1, 4: 0}",1
588,False,"{'a': 0.5, 'e': 0.5}",20,0,-33.904330912998724,"{0: 17, 1: 0, 2: 2, 3: 0, 4: 1}",0
589,False,"{'a': 0.5, 'e': 0.5}",20,0,-46.837069766439676,"{0: 16, 1: 1, 2: 2, 3: 0, 4: 1}",0
590,False,"{'a': 0.5, 'e': 0.5}",20,1,14.029979335859311,"{0: 18, 1: 0, 2: 1, 3: 0, 4: 0}",1
591,False,"{'a': 0.5, 'e': 0.5}",20,11,7.198330178290355,"{0: 8, 1: 0, 2: 1, 3: 0, 4: 0}",1
592,False,"{'a': 0.5, 'e': 0.5}",30,10,-38.57205904954982,"{0: 16, 1: 1, 2: 2, 3: 0, 4: 1}",1
593,False,"{'a': 0.5, 'e': 0.5}",30,0,-70.09145285252751,"{0: 24, 1: 1, 2: 2, 3: 2, 4: 1}",0
594,False,"{'a': 0.5, 'e': 0.5}",30,0,6.513624994910234,"{0: 27, 1: 0, 2: 3, 3: 0, 4: 0}",0
595,False,"{'a': 0.5, 'e': 0.5}",25,0,-27.1639567409898,"{0: 19, 1: 3, 2: 2, 3: 1, 4: 0}",0
596,False,"{'a': 0.5, 'e': 0.5}",20,6,-29.763567667443674,"{0: 9, 1: 1, 2: 4, 3: 0, 4: 0}",1
597,False,"{'a': 0.5, 'e': 0.5}",30,4,16.98187676615677,"{0: 24, 1: 0, 2: 2, 3: 0, 4: 0}",1
598,False,"{'a': 0.5, 'e': 0.5}",20,12,1.9436718927693033,"{0: 7, 1: 0, 2: 1, 3: 0, 4: 0}",1
599,False,"{'a': 0.5, 'e': 0.5}",20,14,-13.631533698052415,"{0: 4, 1: 0, 2: 2, 3: 0, 4: 0}",1
600,False,"{'a': 0.5, 'e': 0.5}",20,8,-39.60000769004428,"{0: 9, 1: 1, 2: 1, 3: 0, 4: 1}",1
601,False,"{'a': 0.5, 'e': 0.5}",20,11,-8.28174976272916,"{0: 7, 1: 0, 2: 2, 3: 0, 4: 0}",1
602,False,"{'a': 0.5, 'e': 0.5}",20,2,-62.8779069292893,"{0: 13, 1: 1, 2: 2, 3: 1, 4: 1}",1
603,False,"{'a': 0.5, 'e': 0.5}",25,5,-59.72323506424755,"{0: 17, 1: 1, 2: 0, 3: 0, 4: 2}",1
604,False,"{'a': 0.5, 'e': 0.5}",20,3,-6.943443128100387,"{0: 15, 1: 0, 2: 1, 3: 1, 4: 0}",1
605,False,"{'a': 0.5, 'e': 0.5}",25,0,21.811771571543225,"{0: 22, 1: 3, 2: 0, 3: 0, 4: 0}",1
606,False,"{'a': 0.5, 'e': 0.5}",25,0,-100.8136368332307,"{0: 16, 1: 2, 2: 5, 3: 1, 4: 1}",0
607,False,"{'a': 0.5, 'e': 0.5}",20,6,-4.27641219127102,"{0: 11, 1: 2, 2: 1, 3: 0, 4: 0}",1
608,False,"{'a': 0.5, 'e': 0.5}",25,10,-28.983122292120036,"{0: 13, 1: 0, 2: 1, 3: 0, 4: 1}",1
609,False,"{'a': 0.5, 'e': 0.5}",25,13,-10.301508827447263,"{0: 9, 1: 1, 2: 2, 3: 0, 4: 0}",1
610,False,"{'a': 0.5, 'e': 0.5}",25,16,-30.521837050933673,"{0: 7, 1: 1, 2: 0, 3: 0, 4: 1}",1
611,False,"{'a': 0.5, 'e': 0.5}",20,12,8.853896220207218,"{0: 7, 1: 1, 2: 0, 3: 0, 4: 0}",1
612,False,"{'a': 0.5, 'e': 0.5}",30,12,-6.740280086819176,"{0: 14, 1: 2, 2: 2, 3: 0, 4: 0}",1
613,False,"{'a': 0.5, 'e': 0.5}",25,8,-56.23125489349235,"{0: 12, 1: 1, 2: 3, 3: 0, 4: 1}",1
614,False,"{'a': 0.5, 'e': 0.5}",30,2,-41.309061397920274,"{0: 23, 1: 2, 2: 2, 3: 0, 4: 1}",1
615,False,"{'a': 0.5, 'e': 0.5}",20,0,-59.08980704284557,"{0: 14, 1: 2, 2: 3, 3: 0, 4: 1}",0
616,False,"{'a': 0.5, 'e': 0.5}",35,9,-77.97732201592437,"{0: 21, 1: 0, 2: 3, 3: 0, 4: 2}",1
617,False,"{'a': 0.5, 'e': 0.5}",20,0,-29.793691813671785,"{0: 17, 1: 1, 2: 1, 3: 0, 4: 1}",0
618,False,"{'a': 0.5, 'e': 0.5}",30,0,-92.39662083093963,"{0: 19, 1: 2, 2: 7, 3: 2, 4: 0}",0
619,False,"{'a': 0.5, 'e': 0.5}",20,0,-41.279918454595894,"{0: 13, 1: 4, 2: 2, 3: 1, 4: 0}",1
620,False,"{'a': 0.5, 'e': 0.5}",25,0,-52.14949376540216,"{0: 20, 1: 1, 2: 3, 3: 0, 4: 1}",0
621,False,"{'a': 0.5, 'e': 0.5}",20,0,-22.755285507259686,"{0: 16, 1: 1, 2: 2, 3: 1, 4: 0}",0
622,False,"{'a': 0.5, 'e': 0.5}",20,0,-48.19248318737395,"{0: 16, 1: 1, 2: 2, 3: 0, 4: 1}",0
623,False,"{'a': 0.5, 'e': 0.5}",30,4,-41.475364592726905,"{0: 20, 1: 1, 2: 3, 3: 2, 4: 0}",1
624,False,"{'a': 0.5, 'e': 0.5}",30,0,-20.944664972108008,"{0: 25, 1: 1, 2: 3, 3: 1, 4: 0}",0
625,False,"{'a': 0.5, 'e': 0.5}",20,9,0.8063275242471599,"{0: 9, 1: 1, 2: 1, 3: 0, 4: 0}",1
626,False,"{'a': 0.5, 'e': 0.5}",20,4,-29.23621894752855,"{0: 11, 1: 1, 2: 4, 3: 0, 4: 0}",1
627,False,"{'a': 0.5, 'e': 0.5}",35,23,9.093525080117075,"{0: 10, 1: 2, 2: 0, 3: 0, 4: 0}",1
628,False,"{'a': 0.5, 'e': 0.5}",20,15,3.1328659353732546,"{0: 4, 1: 1, 2: 0, 3: 0, 4: 0}",1
629,False,"{'a': 0.5, 'e': 0.5}",30,17,-31.558441053953533,"{0: 10, 1: 2, 2: 0, 3: 0, 4: 1}",1
630,False,"{'a': 0.5, 'e': 0.5}",30,0,-43.76050621124343,"{0: 25, 1: 1, 2: 3, 3: 0, 4: 1}",0
631,False,"{'a': 0.5, 'e': 0.5}",20,0,-32.58472355774997,"{0: 17, 1: 0, 2: 2, 3: 0, 4: 1}",0
632,False,"{'a': 0.5, 'e': 0.5}",25,2,-50.22822192404939,"{0: 18, 1: 2, 2: 1, 3: 1, 4: 1}",1
633,False,"{'a': 0.5, 'e': 0.5}",30,18,-22.839189339977366,"{0: 9, 1: 0, 2: 2, 3: 1, 4: 0}",1
634,False,"{'a': 0.5, 'e': 0.5}",20,0,-14.884099907171583,"{0: 16, 1: 1, 2: 3, 3: 0, 4: 0}",0
635,False,"{'a': 0.5, 'e': 0.5}",25,0,-137.30868524194932,"{0: 16, 1: 2, 2: 3, 3: 2, 4: 2}",0
636,False,"{'a': 0.5, 'e': 0.5}",35,12,-73.32534060941096,"{0: 17, 1: 2, 2: 1, 3: 2, 4: 1}",1
637,False,"{'a': 0.5, 'e': 0.5}",25,0,11.149680809616314,"{0: 23, 1: 0, 2: 2, 3: 0, 4: 0}",0
638,False,"{'a': 0.5, 'e': 0.5}",30,0,-67.03353835534072,"{0: 25, 1: 0, 2: 3, 3: 0, 4: 2}",1
639,False,"{'a': 0.5, 'e': 0.5}",30,8,-16.003668548605322,"{0: 20, 1: 0, 2: 1, 3: 0, 4: 1}",1
640,False,"{'a': 0.5, 'e': 0.5}",25,8,17.197608786692637,"{0: 16, 1: 0, 2: 1, 3: 0, 4: 0}",1
641,False,"{'a': 0.5, 'e': 0.5}",25,0,10.689429783011004,"{0: 22, 1: 1, 2: 2, 3: 0, 4: 0}",0
642,False,"{'a': 0.5, 'e': 0.5}",25,0,-121.36858996754339,"{0: 15, 1: 3, 2: 5, 3: 0, 4: 2}",0
643,False,"{'a': 0.5, 'e': 0.5}",20,2,-20.048381753404804,"{0: 16, 1: 0, 2: 1, 3: 0, 4: 1}",1
644,False,"{'a': 0.5, 'e': 0.5}",20,5,-59.07684305431065,"{0: 9, 1: 1, 2: 3, 3: 2, 4: 0}",1
645,False,"{'a': 0.5, 'e': 0.5}",20,0,-54.4738393324071,"{0: 15, 1: 2, 2: 1, 3: 1, 4: 1}",0
646,False,"{'a': 0.5, 'e': 0.5}",25,6,-37.12443214413742,"{0: 14, 1: 1, 2: 3, 3: 1, 4: 0}",1
647,False,"{'a': 0.5, 'e': 0.5}",25,0,-61.883674382801814,"{0: 21, 1: 1, 2: 1, 3: 0, 4: 2}",0
648,False,"{'a': 0.5, 'e': 0.5}",30,1,-74.34561120176508,"{0: 24, 1: 0, 2: 3, 3: 0, 4: 2}",1
649,False,"{'a': 0.5, 'e': 0.5}",30,0,-57.931453480155255,"{0: 23, 1: 4, 2: 1, 3: 1, 4: 1}",0
650,False,"{'a': 0.5, 'e': 0.5}",25,14,6.388861281995907,"{0: 10, 1: 0, 2: 1, 3: 0, 4: 0}",1
651,False,"{'a': 0.5, 'e': 0.5}",20,6,-39.95434632339314,"{0: 11, 1: 0, 2: 2, 3: 0, 4: 1}",1
652,False,"{'a': 0.5, 'e': 0.5}",30,9,-64.03907616633315,"{0: 15, 1: 0, 2: 5, 3: 0, 4: 1}",1
653,False,"{'a': 0.5, 'e': 0.5}",25,11,-65.33379589443693,"{0: 9, 1: 0, 2: 4, 3: 0, 4: 1}",1
654,False,"{'a': 0.5, 'e': 0.5}",20,4,-64.94209464279778,"{0: 12, 1: 0, 2: 2, 3: 1, 4: 1}",1
655,False,"{'a': 0.5, 'e': 0.5}",25,0,-96.30870825988227,"{0: 19, 1: 0, 2: 4, 3: 0, 4: 2}",0
656,False,"{'a': 0.5, 'e': 0.5}",25,6,-68.96331847160859,"{0: 12, 1: 0, 2: 5, 3: 2, 4: 0}",1
657,False,"{'a': 0.5, 'e': 0.5}",20,0,-13.017837963171202,"{0: 17, 1: 0, 2: 2, 3: 1, 4: 0}",0
658,False,"{'a': 0.5, 'e': 0.5}",30,10,-0.364682391425853,"{0: 17, 1: 1, 2: 2, 3: 0, 4: 0}",1
659,False,"{'a': 0.5, 'e': 0.5}",20,0,18.203598565667473,"{0: 19, 1: 0, 2: 1, 3: 0, 4: 0}",0
660,False,"{'a': 0.5, 'e': 0.5}",25,0,-110.69446102661371,"{0: 20, 1: 0, 2: 2, 3: 0, 4: 3}",0
661,False,"{'a': 0.5, 'e': 0.5}",20,16,8.106937650868272,"{0: 4, 1: 0, 2: 0, 3: 0, 4: 0}",1
662,False,"{'a': 0.5, 'e': 0.5}",20,9,-16.462710487856263,"{0: 7, 1: 2, 2: 2, 3: 0, 4: 0}",1
663,False,"{'a': 0.5, 'e': 0.5}",30,2,-81.88312336141122,"{0: 22, 1: 0, 2: 4, 3: 0, 4: 2}",1
664,False,"{'a': 0.5, 'e': 0.5}",30,17,23.18926766211248,"{0: 13, 1: 0, 2: 0, 3: 0, 4: 0}",1
665,False,"{'a': 0.5, 'e': 0.5}",20,0,-11.108036500845458,"{0: 16, 1: 1, 2: 3, 3: 0, 4: 0}",0
666,False,"{'a': 0.5, 'e': 0.5}",20,10,-1.7714002934573083,"{0: 8, 1: 1, 2: 1, 3: 0, 4: 0}",1
667,False,"{'a': 0.5, 'e': 0.5}",20,0,-43.75016417163823,"{0: 16, 1: 1, 2: 2, 3: 0, 4: 1}",0
668,False,"{'a': 0.5, 'e': 0.5}",30,1,-33.5116771790844,"{0: 22, 1: 3, 2: 3, 3: 1, 4: 0}",1
669,False,"{'a': 0.5, 'e': 0.5}",20,0,-39.8471287476672,"{0: 16, 1: 1, 2: 2, 3: 0, 4: 1}",0
670,False,"{'a': 0.5, 'e': 0.5}",30,0,-42.60626556863647,"{0: 22, 1: 1, 2: 7, 3: 0, 4: 0}",0
671,False,"{'a': 0.5, 'e': 0.5}",25,13,0.9083272286862063,"{0: 10, 1: 0, 2: 2, 3: 0, 4: 0}",1
672,False,"{'a': 0.5, 'e': 0.5}",25,11,-7.600430164010871,"{0: 11, 1: 0, 2: 3, 3: 0, 4: 0}",1
673,False,"{'a': 0.5, 'e': 0.5}",30,0,5.004752532653079,"{0: 26, 1: 2, 2: 2, 3: 0, 4: 0}",0
674,False,"{'a': 0.5, 'e': 0.5}",20,0,-41.73602809190762,"{0: 18, 1: 0, 2: 0, 3: 1, 4: 1}",0
675,False,"{'a': 0.5, 'e': 0.5}",30,8,-40.041741070899725,"{0: 16, 1: 1, 2: 4, 3: 1, 4: 0}",1
676,False,"{'a': 0.5, 'e': 0.5}",25,3,-36.5869392725288,"{0: 16, 1: 0, 2: 6, 3: 0, 4: 0}",1
677,False,"{'a': 0.5, 'e': 0.5}",20,0,14.336950066661501,"{0: 18, 1: 1, 2: 1, 3: 0, 4: 0}",0
678,False,"{'a': 0.5, 'e': 0.5}",20,0,-6.967520598476942,"{0: 17, 1: 0, 2: 3, 3: 0, 4: 0}",0
679,False,"{'a': 0.5, 'e': 0.5}",25,10,-46.404852500527156,"{0: 11, 1: 0, 2: 3, 3: 0, 4: 1}",1
680,False,"{'a': 0.5, 'e': 0.5}",20,6,-23.487902504946916,"{0: 9, 1: 2, 2: 3, 3: 0, 4: 0}",1
681,False,"{'a': 0.5, 'e': 0.5}",30,12,-2.137683561241423,"{0: 15, 1: 1, 2: 2, 3: 0, 4: 0}",1
682,False,"{'a': 0.5, 'e': 0.5}",20,0,-29.000096416944388,"{0: 17, 1: 0, 2: 1, 3: 2, 4: 0}",0
683,False,"{'a': 0.5, 'e': 0.5}",20,0,-56.45825730388052,"{0: 15, 1: 0, 2: 4, 3: 0, 4: 1}",0
684,False,"{'a': 0.5, 'e': 0.5}",20,5,-75.97213326190922,"{0: 11, 1: 1, 2: 1, 3: 0, 4: 2}",1
685,False,"{'a': 0.5, 'e': 0.5}",35,0,-117.38434459789423,"{0: 24, 1: 2, 2: 6, 3: 2, 4: 1}",0
686,False,"{'a': 0.5, 'e': 0.5}",30,22,2.6470884371580583,"{0: 7, 1: 0, 2: 1, 3: 0, 4: 0}",1
687,False,"{'a': 0.5, 'e': 0.5}",20,0,-46.895974428835245,"{0: 16, 1: 0, 2: 3, 3: 0, 4: 1}",0
688,False,"{'a': 0.5, 'e': 0.5}",25,0,18.221853970034356,"{0: 23, 1: 1, 2: 1, 3: 0, 4: 0}",0
689,False,"{'a': 0.5, 'e': 0.5}",25,18,13.636789083883363,"{0: 7, 1: 0, 2: 0, 3: 0, 4: 0}",1
690,False,"{'a': 0.5, 'e': 0.5}",20,0,-65.89149693053761,"{0: 17, 1: 0, 2: 1, 3: 0, 4: 2}",0
691,False,"{'a': 0.5, 'e': 0.5}",20,8,13.983536697650365,"{0: 11, 1: 1, 2: 0, 3: 0, 4: 0}",1
692,False,"{'a': 0.5, 'e': 0.5}",20,0,4.371666237410861,"{0: 19, 1: 0, 2: 0, 3: 1, 4: 0}",0
693,False,"{'a': 0.5, 'e': 0.5}",35,17,-4.71254545049022,"{0: 15, 1: 0, 2: 3, 3: 0, 4: 0}",1
694,False,"{'a': 0.5, 'e': 0.5}",35,0,-71.55013091411682,"{0: 27, 1: 0, 2: 5, 3: 3, 4: 0}",0
695,False,"{'a': 0.5, 'e': 0.5}",20,13,12.727552276069765,"{0: 7, 1: 0, 2: 0, 3: 0, 4: 0}",1
696,False,"{'a': 0.5, 'e': 0.5}",25,3,-29.540295944480647,"{0: 19, 1: 1, 2: 1, 3: 0, 4: 1}",1
697,False,"{'a': 0.5, 'e': 0.5}",30,7,-59.4198687893131,"{0: 17, 1: 1, 2: 4, 3: 0, 4: 1}",1
698,False,"{'a': 0.5, 'e': 0.5}",20,0,20.395466115285288,"{0: 19, 1: 0, 2: 1, 3: 0, 4: 0}",0
699,False,"{'a': 0.5, 'e': 0.5}",20,6,6.516743805703371,"{0: 13, 1: 0, 2: 1, 3: 0, 4: 0}",1
700,False,"{'a': 0.5, 'e': 0.5}",20,0,-34.47100938749023,"{0: 15, 1: 1, 2: 3, 3: 1, 4: 0}",0
701,False,"{'a': 0.5, 'e': 0.5}",30,12,19.634956950613226,"{0: 17, 1: 0, 2: 1, 3: 0, 4: 0}",1
702,False,"{'a': 0.5, 'e': 0.5}",25,13,-40.87247619675779,"{0: 9, 1: 1, 2: 1, 3: 0, 4: 1}",1
703,False,"{'a': 0.5, 'e': 0.5}",30,22,11.134343628807326,"{0: 8, 1: 0, 2: 0, 3: 0, 4: 0}",1
704,False,"{'a': 0.5, 'e': 0.5}",20,0,-96.36228012035379,"{0: 14, 1: 1, 2: 3, 3: 0, 4: 2}",0
705,False,"{'a': 0.5, 'e': 0.5}",20,1,-35.43029105310909,"{0: 14, 1: 1, 2: 3, 3: 1, 4: 0}",1
706,False,"{'a': 0.5, 'e': 0.5}",25,0,-64.23828888126198,"{0: 19, 1: 1, 2: 3, 3: 1, 4: 1}",0
707,False,"{'a': 0.5, 'e': 0.5}",20,3,0.6020437279305579,"{0: 15, 1: 0, 2: 2, 3: 0, 4: 0}",1
708,False,"{'a': 0.5, 'e': 0.5}",20,12,16.269636150606345,"{0: 8, 1: 0, 2: 0, 3: 0, 4: 0}",1
709,False,"{'a': 0.5, 'e': 0.5}",20,5,-81.61771472504843,"{0: 9, 1: 1, 2: 3, 3: 1, 4: 1}",1
710,False,"{'a': 0.5, 'e': 0.5}",20,15,-1.9580700659679484,"{0: 4, 1: 0, 2: 1, 3: 0, 4: 0}",1
711,False,"{'a': 0.5, 'e': 0.5}",25,0,-48.54877979607082,"{0: 20, 1: 2, 2: 1, 3: 1, 4: 1}",0
712,False,"{'a': 0.5, 'e': 0.5}",20,0,-10.861318199291688,"{0: 17, 1: 1, 2: 1, 3: 1, 4: 0}",0
713,False,"{'a': 0.5, 'e': 0.5}",25,12,-33.96512076361671,"{0: 9, 1: 0, 2: 3, 3: 1, 4: 0}",1
714,False,"{'a': 0.5, 'e': 0.5}",20,11,7.068093740775363,"{0: 8, 1: 1, 2: 0, 3: 0, 4: 0}",1
715,False,"{'a': 0.5, 'e': 0.5}",30,8,8.927974665345488,"{0: 19, 1: 2, 2: 1, 3: 0, 4: 0}",1
716,False,"{'a': 0.5, 'e': 0.5}",25,0,-46.3939442048738,"{0: 20, 1: 1, 2: 3, 3: 0, 4: 1}",0
717,False,"{'a': 0.5, 'e': 0.5}",20,7,7.951496079251574,"{0: 12, 1: 0, 2: 1, 3: 0, 4: 0}",1
718,False,"{'a': 0.5, 'e': 0.5}",20,8,-63.08865986800475,"{0: 7, 1: 1, 2: 3, 3: 0, 4: 1}",1
719,False,"{'a': 0.5, 'e': 0.5}",25,5,-26.825246542315508,"{0: 15, 1: 0, 2: 5, 3: 0, 4: 0}",1
720,False,"{'a': 0.5, 'e': 0.5}",25,3,-63.30359152889398,"{0: 19, 1: 0, 2: 1, 3: 0, 4: 2}",1
721,False,"{'a': 0.5, 'e': 0.5}",20,0,-58.97908002412187,"{0: 14, 1: 3, 2: 2, 3: 0, 4: 1}",0
722,False,"{'a': 0.5, 'e': 0.5}",20,0,-100.42053515934876,"{0: 13, 1: 2, 2: 3, 3: 0, 4: 2}",0
723,False,"{'a': 0.5, 'e': 0.5}",20,0,17.54815391139406,"{0: 19, 1: 0, 2: 1, 3: 0, 4: 0}",0
724,False,"{'a': 0.5, 'e': 0.5}",25,0,-40.94590066185582,"{0: 21, 1: 0, 2: 3, 3: 0, 4: 1}",0
725,False,"{'a': 0.5, 'e': 0.5}",25,0,-56.64637256367608,"{0: 22, 1: 1, 2: 0, 3: 0, 4: 2}",0
726,False,"{'a': 0.5, 'e': 0.5}",20,9,9.033708753154492,"{0: 9, 1: 2, 2: 0, 3: 0, 4: 0}",1
727,False,"{'a': 0.5, 'e': 0.5}",20,11,-38.144070217621696,"{0: 6, 1: 0, 2: 1, 3: 2, 4: 0}",1
728,False,"{'a': 0.5, 'e': 0.5}",20,2,6.343497333053781,"{0: 16, 1: 0, 2: 2, 3: 0, 4: 0}",1
729,False,"{'a': 0.5, 'e': 0.5}",20,0,-52.110173834362975,"{0: 15, 1: 2, 2: 2, 3: 0, 4: 1}",0
730,False,"{'a': 0.5, 'e': 0.5}",20,11,17.834642767208972,"{0: 9, 1: 0, 2: 0, 3: 0, 4: 0}",1
731,False,"{'a': 0.5, 'e': 0.5}",25,4,-24.543976107281054,"{0: 17, 1: 0, 2: 3, 3: 1, 4: 0}",1
732,False,"{'a': 0.5, 'e': 0.5}",35,17,-55.558428241138735,"{0: 14, 1: 0, 2: 2, 3: 1, 4: 1}",1
733,False,"{'a': 0.5, 'e': 0.5}",20,0,10.635281677225292,"{0: 18, 1: 0, 2: 2, 3: 0, 4: 0}",0
734,False,"{'a': 0.5, 'e': 0.5}",25,0,-73.29157772290047,"{0: 22, 1: 0, 2: 0, 3: 1, 4: 2}",0
735,False,"{'a': 0.5, 'e': 0.5}",30,11,16.77613248125274,"{0: 18, 1: 0, 2: 1, 3: 0, 4: 0}",1
736,False,"{'a': 0.5, 'e': 0.5}",20,0,-78.79687364699551,"{0: 14, 1: 0, 2: 4, 3: 1, 4: 1}",0
737,False,"{'a': 0.5, 'e': 0.5}",20,16,7.227944414769189,"{0: 4, 1: 0, 2: 0, 3: 0, 4: 0}",1
738,False,"{'a': 0.5, 'e': 0.5}",25,12,10.763595780648819,"{0: 12, 1: 0, 2: 1, 3: 0, 4: 0}",1
739,False,"{'a': 0.5, 'e': 0.5}",25,2,-15.363163082868171,"{0: 21, 1: 0, 2: 1, 3: 0, 4: 1}",1
740,False,"{'a': 0.5, 'e': 0.5}",20,12,14.559626809811112,"{0: 8, 1: 0, 2: 0, 3: 0, 4: 0}",1
741,False,"{'a': 0.5, 'e': 0.5}",20,9,-34.85312967309404,"{0: 9, 1: 0, 2: 1, 3: 0, 4: 1}",1
742,False,"{'a': 0.5, 'e': 0.5}",25,0,-54.78094478519865,"{0: 19, 1: 1, 2: 4, 3: 0, 4: 1}",0
743,False,"{'a': 0.5, 'e': 0.5}",25,0,-105.64591810179573,"{0: 19, 1: 0, 2: 3, 3: 1, 4: 2}",0
744,False,"{'a': 0.5, 'e': 0.5}",20,0,-80.16785337065747,"{0: 13, 1: 2, 2: 3, 3: 1, 4: 1}",0
745,False,"{'a': 0.5, 'e': 0.5}",35,21,1.9868438871162502,"{0: 12, 1: 0, 2: 2, 3: 0, 4: 0}",1
746,False,"{'a': 0.5, 'e': 0.5}",25,0,-79.95182378065216,"{0: 17, 1: 2, 2: 5, 3: 0, 4: 1}",0
747,False,"{'a': 0.5, 'e': 0.5}",30,0,-95.83784599107253,"{0: 25, 1: 1, 2: 1, 3: 0, 4: 3}",0
748,False,"{'a': 0.5, 'e': 0.5}",20,10,-25.70992933242743,"{0: 7, 1: 0, 2: 2, 3: 1, 4: 0}",1
749,False,"{'a': 0.5, 'e': 0.5}",25,0,-138.11310375608812,"{0: 18, 1: 0, 2: 4, 3: 0, 4: 3}",0
750,False,"{'a': 0.5, 'e': 0.5}",20,5,-1.321364902958344,"{0: 13, 1: 0, 2: 2, 3: 0, 4: 0}",1
751,False,"{'a': 0.5, 'e': 0.5}",20,0,-1.3550113599002955,"{0: 17, 1: 1, 2: 2, 3: 0, 4: 0}",0
752,False,"{'a': 0.5, 'e': 0.5}",20,0,-37.501095750504405,"{0: 18, 1: 0, 2: 0, 3: 1, 4: 1}",0
753,False,"{'a': 0.5, 'e': 0.5}",30,0,6.2561610085708095,"{0: 27, 1: 1, 2: 2, 3: 0, 4: 0}",0
754,False,"{'a': 0.5, 'e': 0.5}",30,22,-50.01720282262745,"{0: 6, 1: 0, 2: 0, 3: 1, 4: 1}",1
755,False,"{'a': 0.5, 'e': 0.5}",20,0,1.676487573661222,"{0: 17, 1: 2, 2: 1, 3: 0, 4: 0}",0
756,False,"{'a': 0.5, 'e': 0.5}",20,6,22.79334370122125,"{0: 14, 1: 0, 2: 0, 3: 0, 4: 0}",1
757,False,"{'a': 0.5, 'e': 0.5}",20,13,0.764010445202127,"{0: 6, 1: 0, 2: 1, 3: 0, 4: 0}",1
758,False,"{'a': 0.5, 'e': 0.5}",25,16,19.363608184562302,"{0: 9, 1: 0, 2: 0, 3: 0, 4: 0}",1
759,False,"{'a': 0.5, 'e': 0.5}",20,0,-79.23461515469478,"{0: 14, 1: 1, 2: 3, 3: 1, 4: 1}",0
760,False,"{'a': 0.5, 'e': 0.5}",25,14,-28.71521223848084,"{0: 8, 1: 0, 2: 2, 3: 1, 4: 0}",1
761,False,"{'a': 0.5, 'e': 0.5}",25,12,1.3924076043444713,"{0: 11, 1: 2, 2: 0, 3: 0, 4: 0}",1
762,False,"{'a': 0.5, 'e': 0.5}",20,0,-35.33902215436992,"{0: 16, 1: 0, 2: 2, 3: 2, 4: 0}",1
763,False,"{'a': 0.5, 'e': 0.5}",25,0,-76.25228888250166,"{0: 19, 1: 1, 2: 2, 3: 2, 4: 1}",0
764,False,"{'a': 0.5, 'e': 0.5}",30,0,-86.27534197785559,"{0: 21, 1: 1, 2: 7, 3: 0, 4: 1}",0
765,False,"{'a': 0.5, 'e': 0.5}",25,1,1.1374452126901633,"{0: 21, 1: 0, 2: 3, 3: 0, 4: 0}",1
766,False,"{'a': 0.5, 'e': 0.5}",20,8,5.331676622168736,"{0: 11, 1: 0, 2: 1, 3: 0, 4: 0}",1
767,False,"{'a': 0.5, 'e': 0.5}",25,4,-127.7606429965178,"{0: 15, 1: 0, 2: 3, 3: 0, 4: 3}",1
768,False,"{'a': 0.5, 'e': 0.5}",35,23,-41.52596519836146,"{0: 10, 1: 0, 2: 0, 3: 1, 4: 1}",1
769,False,"{'a': 0.5, 'e': 0.5}",20,0,-0.7174346578322854,"{0: 17, 1: 1, 2: 2, 3: 0, 4: 0}",0
770,False,"{'a': 0.5, 'e': 0.5}",25,18,2.9766387066790965,"{0: 6, 1: 0, 2: 1, 3: 0, 4: 0}",1
771,False,"{'a': 0.5, 'e': 0.5}",20,0,11.23141178738695,"{0: 18, 1: 1, 2: 1, 3: 0, 4: 0}",0
772,False,"{'a': 0.5, 'e': 0.5}",25,11,-27.333116082387175,"{0: 12, 1: 0, 2: 1, 3: 0, 4: 1}",1
773,False,"{'a': 0.5, 'e': 0.5}",30,13,2.147377650364167,"{0: 15, 1: 0, 2: 2, 3: 0, 4: 0}",1
774,False,"{'a': 0.5, 'e': 0.5}",20,11,2.351156038963735,"{0: 8, 1: 0, 2: 1, 3: 0, 4: 0}",1
775,False,"{'a': 0.5, 'e': 0.5}",20,0,-46.10509842792507,"{0: 17, 1: 0, 2: 1, 3: 1, 4: 1}",0
776,False,"{'a': 0.5, 'e': 0.5}",25,0,22.76520663352647,"{0: 24, 1: 0, 2: 1, 3: 0, 4: 0}",0
777,False,"{'a': 0.5, 'e': 0.5}",20,6,-13.50412614474935,"{0: 11, 1: 0, 2: 3, 3: 0, 4: 0}",1
778,False,"{'a': 0.5, 'e': 0.5}",25,3,15.88348068856331,"{0: 20, 1: 1, 2: 1, 3: 0, 4: 0}",1
779,False,"{'a': 0.5, 'e': 0.5}",20,2,12.816531930151239,"{0: 16, 1: 1, 2: 1, 3: 0, 4: 0}",1
780,False,"{'a': 0.5, 'e': 0.5}",20,9,2.2667957109996264,"{0: 9, 1: 1, 2: 1, 3: 0, 4: 0}",1
781,False,"{'a': 0.5, 'e': 0.5}",25,9,5.366113289853894,"{0: 14, 1: 0, 2: 2, 3: 0, 4: 0}",1
782,False,"{'a': 0.5, 'e': 0.5}",20,0,-74.37500167253636,"{0: 15, 1: 0, 2: 3, 3: 1, 4: 1}",0
783,False,"{'a': 0.5, 'e': 0.5}",20,0,29.67822906201573,"{0: 20, 1: 0, 2: 0, 3: 0, 4: 0}",0
784,False,"{'a': 0.5, 'e': 0.5}",20,0,-99.1717155889836,"{0: 14, 1: 1, 2: 3, 3: 0, 4: 2}",0
785,False,"{'a': 0.5, 'e': 0.5}",30,21,15.526253508275978,"{0: 9, 1: 0, 2: 0, 3: 0, 4: 0}",1
786,False,"{'a': 0.5, 'e': 0.5}",25,0,-52.175340439858125,"{0: 20, 1: 0, 2: 4, 3: 0, 4: 1}",0
787,False,"{'a': 0.5, 'e': 0.5}",20,0,-46.81801944645133,"{0: 13, 1: 2, 2: 4, 3: 1, 4: 0}",0
788,False,"{'a': 0.5, 'e': 0.5}",25,4,17.192392894512707,"{0: 20, 1: 0, 2: 1, 3: 0, 4: 0}",1
789,False,"{'a': 0.5, 'e': 0.5}",20,9,-33.65223145648705,"{0: 7, 1: 1, 2: 2, 3: 1, 4: 0}",1
790,False,"{'a': 0.5, 'e': 0.5}",25,14,-14.633804032383107,"{0: 8, 1: 0, 2: 3, 3: 0, 4: 0}",1
791,False,"{'a': 0.5, 'e': 0.5}",20,3,-62.13630016930179,"{0: 11, 1: 2, 2: 3, 3: 0, 4: 1}",1
792,False,"{'a': 0.5, 'e': 0.5}",30,0,-24.67372122306565,"{0: 25, 1: 0, 2: 4, 3: 1, 4: 0}",1
793,False,"{'a': 0.5, 'e': 0.5}",25,8,3.0140321325936,"{0: 15, 1: 0, 2: 2, 3: 0, 4: 0}",1
794,False,"{'a': 0.5, 'e': 0.5}",25,0,-19.544831930140415,"{0: 23, 1: 0, 2: 1, 3: 0, 4: 1}",0
795,False,"{'a': 0.5, 'e': 0.5}",25,13,-4.733046727137823,"{0: 10, 1: 0, 2: 2, 3: 0, 4: 0}",1
796,False,"{'a': 0.5, 'e': 0.5}",25,0,3.569753119886774,"{0: 22, 1: 1, 2: 2, 3: 0, 4: 0}",0
797,False,"{'a': 0.5, 'e': 0.5}",20,9,-49.19070340204645,"{0: 7, 1: 2, 2: 1, 3: 0, 4: 1}",1
798,False,"{'a': 0.5, 'e': 0.5}",20,11,-4.2502117134669515,"{0: 8, 1: 0, 2: 0, 3: 1, 4: 0}",1
799,False,"{'a': 0.5, 'e': 0.5}",25,0,25.997442976743724,"{0: 23, 1: 1, 2: 1, 3: 0, 4: 0}",0
800,False,"{'a': 0.5, 'e': 0.5}",30,6,15.61020945713867,"{0: 23, 1: 0, 2: 0, 3: 1, 4: 0}",1
801,False,"{'a': 0.5, 'e': 0.5}",30,0,-71.4271073667838,"{0: 24, 1: 0, 2: 4, 3: 1, 4: 1}",0
802,False,"{'a': 0.5, 'e': 0.5}",25,0,-111.76576250609676,"{0: 17, 1: 2, 2: 3, 3: 1, 4: 2}",0
803,False,"{'a': 0.5, 'e': 0.5}",25,0,-72.76968463768802,"{0: 19, 1: 0, 2: 4, 3: 1, 4: 1}",0
804,False,"{'a': 0.5, 'e': 0.5}",20,0,-105.78317949124755,"{0: 11, 1: 2, 2: 5, 3: 1, 4: 1}",0
805,False,"{'a': 0.5, 'e': 0.5}",20,0,-71.94077652304065,"{0: 14, 1: 1, 2: 4, 3: 0, 4: 1}",0
806,False,"{'a': 0.5, 'e': 0.5}",20,9,-32.88802317123027,"{0: 8, 1: 2, 2: 0, 3: 0, 4: 1}",1
807,False,"{'a': 0.5, 'e': 0.5}",20,0,-77.18786806014585,"{0: 13, 1: 1, 2: 3, 3: 3, 4: 0}",0
808,False,"{'a': 0.5, 'e': 0.5}",20,12,-9.457058316407256,"{0: 6, 1: 0, 2: 2, 3: 0, 4: 0}",1
809,False,"{'a': 0.5, 'e': 0.5}",20,0,-7.98971790829637,"{0: 17, 1: 0, 2: 3, 3: 0, 4: 0}",0
810,False,"{'a': 0.5, 'e': 0.5}",30,1,1.6894055918810005,"{0: 26, 1: 1, 2: 1, 3: 1, 4: 0}",1
811,False,"{'a': 0.5, 'e': 0.5}",20,12,-1.7267354394669048,"{0: 7, 1: 0, 2: 1, 3: 0, 4: 0}",1
812,False,"{'a': 0.5, 'e': 0.5}",20,0,-31.184768533661945,"{0: 17, 1: 1, 2: 1, 3: 0, 4: 1}",0
813,False,"{'a': 0.5, 'e': 0.5}",20,0,6.468699733786476,"{0: 18, 1: 1, 2: 1, 3: 0, 4: 0}",0
814,False,"{'a': 0.5, 'e': 0.5}",20,6,-22.57101302478101,"{0: 10, 1: 0, 2: 4, 3: 0, 4: 0}",1
815,False,"{'a': 0.5, 'e': 0.5}",30,2,-60.08399524928947,"{0: 21, 1: 2, 2: 4, 3: 0, 4: 1}",1
816,False,"{'a': 0.5, 'e': 0.5}",30,0,-52.32700540717636,"{0: 22, 1: 0, 2: 7, 3: 1, 4: 0}",0
817,False,"{'a': 0.5, 'e': 0.5}",35,8,-10.338939154873875,"{0: 21, 1: 3, 2: 3, 3: 0, 4: 0}",1
818,False,"{'a': 0.5, 'e': 0.5}",20,13,-12.741460325742016,"{0: 5, 1: 0, 2: 2, 3: 0, 4: 0}",1
819,False,"{'a': 0.5, 'e': 0.5}",30,0,-26.29195001780401,"{0: 26, 1: 1, 2: 2, 3: 0, 4: 1}",0
820,False,"{'a': 0.5, 'e': 0.5}",25,18,-17.63138552051827,"{0: 5, 1: 1, 2: 0, 3: 1, 4: 0}",1
821,False,"{'a': 0.5, 'e': 0.5}",30,8,-36.37549431286973,"{0: 18, 1: 1, 2: 2, 3: 0, 4: 1}",1
822,False,"{'a': 0.5, 'e': 0.5}",20,0,-22.07621570029827,"{0: 16, 1: 1, 2: 2, 3: 1, 4: 0}",0
823,False,"{'a': 0.5, 'e': 0.5}",20,0,-98.91877245220238,"{0: 11, 1: 1, 2: 7, 3: 0, 4: 1}",0
824,False,"{'a': 0.5, 'e': 0.5}",30,18,7.642385738038547,"{0: 11, 1: 0, 2: 1, 3: 0, 4: 0}",1
825,False,"{'a': 0.5, 'e': 0.5}",20,6,14.870893961593705,"{0: 13, 1: 1, 2: 0, 3: 0, 4: 0}",1
826,False,"{'a': 0.5, 'e': 0.5}",20,0,-17.173930213385997,"{0: 19, 1: 0, 2: 0, 3: 0, 4: 1}",0
827,False,"{'a': 0.5, 'e': 0.5}",25,15,-13.402814088060637,"{0: 7, 1: 1, 2: 2, 3: 0, 4: 0}",1
828,False,"{'a': 0.5, 'e': 0.5}",25,0,-5.575401868562443,"{0: 22, 1: 1, 2: 1, 3: 1, 4: 0}",0
829,False,"{'a': 0.5, 'e': 0.5}",20,0,-12.904567881776256,"{0: 17, 1: 1, 2: 1, 3: 1, 4: 0}",0
830,False,"{'a': 0.5, 'e': 0.5}",25,4,12.785607745743482,"{0: 19, 1: 1, 2: 1, 3: 0, 4: 0}",1
831,False,"{'a': 0.5, 'e': 0.5}",35,0,-40.88031427428411,"{0: 29, 1: 1, 2: 4, 3: 0, 4: 1}",0
832,False,"{'a': 0.5, 'e': 0.5}",25,0,-14.96153892164123,"{0: 19, 1: 3, 2: 3, 3: 0, 4: 0}",0
833,False,"{'a': 0.5, 'e': 0.5}",20,0,-60.34393155425461,"{0: 15, 1: 0, 2: 4, 3: 0, 4: 1}",0
834,False,"{'a': 0.5, 'e': 0.5}",20,6,21.801287313845027,"{0: 14, 1: 0, 2: 0, 3: 0, 4: 0}",1
835,False,"{'a': 0.5, 'e': 0.5}",20,0,-12.497684256418246,"{0: 16, 1: 2, 2: 2, 3: 0, 4: 0}",0
836,False,"{'a': 0.5, 'e': 0.5}",25,7,-65.85786836515315,"{0: 12, 1: 3, 2: 1, 3: 1, 4: 1}",1
837,False,"{'a': 0.5, 'e': 0.5}",20,0,-13.406347663276607,"{0: 16, 1: 0, 2: 4, 3: 0, 4: 0}",0
838,False,"{'a': 0.5, 'e': 0.5}",20,0,-90.77795059339913,"{0: 15, 1: 1, 2: 1, 3: 1, 4: 2}",0
839,False,"{'a': 0.5, 'e': 0.5}",20,0,-8.333486363355044,"{0: 19, 1: 0, 2: 0, 3: 0, 4: 1}",0
840,False,"{'a': 0.5, 'e': 0.5}",25,8,-3.6558498855537174,"{0: 15, 1: 1, 2: 0, 3: 1, 4: 0}",1
841,False,"{'a': 0.5, 'e': 0.5}",20,0,-28.974146034992245,"{0: 18, 1: 0, 2: 1, 3: 0, 4: 1}",0
842,False,"{'a': 0.5, 'e': 0.5}",30,0,-29.368143871089803,"{0: 25, 1: 0, 2: 4, 3: 1, 4: 0}",0
843,False,"{'a': 0.5, 'e': 0.5}",30,17,-3.2889349387718623,"{0: 11, 1: 0, 2: 2, 3: 0, 4: 0}",1
844,False,"{'a': 0.5, 'e': 0.5}",20,11,-60.1916275391997,"{0: 6, 1: 0, 2: 1, 3: 1, 4: 1}",1
845,False,"{'a': 0.5, 'e': 0.5}",20,0,-57.79696380224936,"{0: 15, 1: 1, 2: 3, 3: 0, 4: 1}",0
846,False,"{'a': 0.5, 'e': 0.5}",20,0,-32.664090362512276,"{0: 14, 1: 2, 2: 4, 3: 0, 4: 0}",0
847,False,"{'a': 0.5, 'e': 0.5}",25,0,-92.04638814104766,"{0: 19, 1: 1, 2: 3, 3: 0, 4: 2}",0
848,False,"{'a': 0.5, 'e': 0.5}",30,0,-85.3921500268755,"{0: 22, 1: 2, 2: 3, 3: 2, 4: 1}",0
849,False,"{'a': 0.5, 'e': 0.5}",35,18,18.164315070310053,"{0: 16, 1: 0, 2: 1, 3: 0, 4: 0}",1
850,False,"{'a': 0.5, 'e': 0.5}",20,0,-98.66443932469419,"{0: 14, 1: 2, 2: 1, 3: 1, 4: 2}",0
851,False,"{'a': 0.5, 'e': 0.5}",20,16,10.510283642063111,"{0: 4, 1: 0, 2: 0, 3: 0, 4: 0}",1
852,False,"{'a': 0.5, 'e': 0.5}",20,15,0.5197023807404406,"{0: 4, 1: 1, 2: 0, 3: 0, 4: 0}",1
853,False,"{'a': 0.5, 'e': 0.5}",25,0,-39.661283424536514,"{0: 20, 1: 1, 2: 2, 3: 2, 4: 0}",0
854,False,"{'a': 0.5, 'e': 0.5}",25,0,-133.7503741816784,"{0: 17, 1: 1, 2: 3, 3: 2, 4: 2}",0
855,False,"{'a': 0.5, 'e': 0.5}",20,0,-4.4951463203438475,"{0: 17, 1: 0, 2: 3, 3: 0, 4: 0}",0
856,False,"{'a': 0.5, 'e': 0.5}",30,20,-26.774210307080725,"{0: 9, 1: 0, 2: 0, 3: 0, 4: 1}",1
857,False,"{'a': 0.5, 'e': 0.5}",20,14,-1.03159553992072,"{0: 5, 1: 0, 2: 1, 3: 0, 4: 0}",1
858,False,"{'a': 0.5, 'e': 0.5}",20,0,-32.513154696371465,"{0: 15, 1: 1, 2: 3, 3: 1, 4: 0}",0
859,False,"{'a': 0.5, 'e': 0.5}",30,18,10.484405492680667,"{0: 11, 1: 0, 2: 1, 3: 0, 4: 0}",1
860,False,"{'a': 0.5, 'e': 0.5}",20,0,-12.628498675729665,"{0: 16, 1: 1, 2: 3, 3: 0, 4: 0}",0
861,False,"{'a': 0.5, 'e': 0.5}",20,0,-120.3007581341688,"{0: 14, 1: 1, 2: 2, 3: 0, 4: 3}",0
862,False,"{'a': 0.5, 'e': 0.5}",25,0,-84.02636706243209,"{0: 20, 1: 1, 2: 1, 3: 1, 4: 2}",0
863,False,"{'a': 0.5, 'e': 0.5}",20,5,-58.49556377004559,"{0: 10, 1: 1, 2: 3, 3: 0, 4: 1}",1
864,False,"{'a': 0.5, 'e': 0.5}",20,8,16.406203613757167,"{0: 11, 1: 1, 2: 0, 3: 0, 4: 0}",1
865,False,"{'a': 0.5, 'e': 0.5}",20,10,-33.34831347539664,"{0: 8, 1: 1, 2: 0, 3: 0, 4: 1}",1
866,False,"{'a': 0.5, 'e': 0.5}",35,26,6.731874976987597,"{0: 8, 1: 1, 2: 0, 3: 0, 4: 0}",1
867,False,"{'a': 0.5, 'e': 0.5}",20,7,8.590942973784204,"{0: 12, 1: 0, 2: 1, 3: 0, 4: 0}",1
868,False,"{'a': 0.5, 'e': 0.5}",20,0,-88.67971541981976,"{0: 14, 1: 0, 2: 3, 3: 2, 4: 1}",0
869,False,"{'a': 0.5, 'e': 0.5}",30,19,-79.31878860931171,"{0: 8, 1: 0, 2: 1, 3: 0, 4: 2}",1
870,False,"{'a': 0.5, 'e': 0.5}",30,11,-67.75700359185441,"{0: 16, 1: 0, 2: 1, 3: 0, 4: 2}",1
871,False,"{'a': 0.5, 'e': 0.5}",20,0,-1.154430048303063,"{0: 17, 1: 1, 2: 2, 3: 0, 4: 0}",0
872,False,"{'a': 0.5, 'e': 0.5}",25,0,-139.78292523935735,"{0: 15, 1: 0, 2: 8, 3: 0, 4: 2}",0
873,False,"{'a': 0.5, 'e': 0.5}",25,0,-50.835949704242985,"{0: 20, 1: 0, 2: 4, 3: 0, 4: 1}",0
874,False,"{'a': 0.5, 'e': 0.5}",20,8,-1.573814145958277,"{0: 10, 1: 0, 2: 2, 3: 0, 4: 0}",1
875,False,"{'a': 0.5, 'e': 0.5}",20,15,2.32528317413331,"{0: 4, 1: 1, 2: 0, 3: 0, 4: 0}",1
876,False,"{'a': 0.5, 'e': 0.5}",25,9,18.08525085949702,"{0: 15, 1: 1, 2: 0, 3: 0, 4: 0}",1
877,False,"{'a': 0.5, 'e': 0.5}",25,16,-21.938449482072652,"{0: 6, 1: 0, 2: 3, 3: 0, 4: 0}",1
878,False,"{'a': 0.5, 'e': 0.5}",30,12,5.5005628872979955,"{0: 15, 1: 2, 2: 1, 3: 0, 4: 0}",1
879,False,"{'a': 0.5, 'e': 0.5}",25,20,9.120404899977034,"{0: 5, 1: 0, 2: 0, 3: 0, 4: 0}",1
880,False,"{'a': 0.5, 'e': 0.5}",20,12,-19.39460790837298,"{0: 6, 1: 0, 2: 1, 3: 1, 4: 0}",1
881,False,"{'a': 0.5, 'e': 0.5}",35,13,-23.983209303310375,"{0: 20, 1: 0, 2: 0, 3: 1, 4: 1}",1
882,False,"{'a': 0.5, 'e': 0.5}",30,12,-2.297328280144064,"{0: 14, 1: 2, 2: 2, 3: 0, 4: 0}",1
883,False,"{'a': 0.5, 'e': 0.5}",25,5,-21.833886013804534,"{0: 17, 1: 2, 2: 0, 3: 0, 4: 1}",1
884,False,"{'a': 0.5, 'e': 0.5}",30,0,-176.78404337901605,"{0: 19, 1: 1, 2: 6, 3: 1, 4: 3}",1
885,False,"{'a': 0.5, 'e': 0.5}",20,3,-89.35799575896657,"{0: 11, 1: 3, 2: 1, 3: 0, 4: 2}",1
886,False,"{'a': 0.5, 'e': 0.5}",25,12,-5.034452681928731,"{0: 10, 1: 1, 2: 2, 3: 0, 4: 0}",1
887,False,"{'a': 0.5, 'e': 0.5}",25,4,-0.4216163385464591,"{0: 18, 1: 0, 2: 3, 3: 0, 4: 0}",1
888,False,"{'a': 0.5, 'e': 0.5}",35,12,-25.367523998139404,"{0: 20, 1: 0, 2: 2, 3: 0, 4: 1}",1
889,False,"{'a': 0.5, 'e': 0.5}",30,14,-33.294293984918696,"{0: 12, 1: 2, 2: 1, 3: 0, 4: 1}",1
890,False,"{'a': 0.5, 'e': 0.5}",20,13,2.682323193171891,"{0: 6, 1: 0, 2: 1, 3: 0, 4: 0}",1
891,False,"{'a': 0.5, 'e': 0.5}",20,10,10.38029968752802,"{0: 9, 1: 0, 2: 1, 3: 0, 4: 0}",1
892,False,"{'a': 0.5, 'e': 0.5}",35,0,-92.15626786202188,"{0: 28, 1: 0, 2: 5, 3: 0, 4: 2}",0
893,False,"{'a': 0.5, 'e': 0.5}",20,10,-40.65309022563296,"{0: 8, 1: 0, 2: 1, 3: 0, 4: 1}",1
894,False,"{'a': 0.5, 'e': 0.5}",20,11,3.6701024991659086,"{0: 8, 1: 0, 2: 1, 3: 0, 4: 0}",1
895,False,"{'a': 0.5, 'e': 0.5}",25,0,-48.918726188380774,"{0: 20, 1: 1, 2: 3, 3: 0, 4: 1}",0
896,False,"{'a': 0.5, 'e': 0.5}",30,7,5.527594481812077,"{0: 19, 1: 3, 2: 1, 3: 0, 4: 0}",1
897,False,"{'a': 0.5, 'e': 0.5}",30,0,-63.92788473557867,"{0: 22, 1: 3, 2: 4, 3: 0, 4: 1}",0
898,False,"{'a': 0.5, 'e': 0.5}",20,1,5.035481455732654,"{0: 17, 1: 0, 2: 2, 3: 0, 4: 0}",1
899,False,"{'a': 0.5, 'e': 0.5}",20,0,-1.9947076147282878,"{0: 18, 1: 0, 2: 1, 3: 1, 4: 0}",0
900,False,"{'a': 0.5, 'e': 0.5}",25,0,-70.7061189443103,"{0: 18, 1: 2, 2: 3, 3: 1, 4: 1}",1
901,False,"{'a': 0.5, 'e': 0.5}",20,8,10.730891904463808,"{0: 11, 1: 0, 2: 1, 3: 0, 4: 0}",1
902,False,"{'a': 0.5, 'e': 0.5}",25,2,-83.0206193215921,"{0: 17, 1: 1, 2: 2, 3: 2, 4: 1}",1
903,False,"{'a': 0.5, 'e': 0.5}",20,0,-111.54635183439164,"{0: 13, 1: 2, 2: 2, 3: 1, 4: 2}",1
904,False,"{'a': 0.5, 'e': 0.5}",35,24,-17.536872756967167,"{0: 9, 1: 0, 2: 1, 3: 1, 4: 0}",1
905,False,"{'a': 0.5, 'e': 0.5}",20,15,-3.027260878502244,"{0: 4, 1: 0, 2: 1, 3: 0, 4: 0}",1
906,False,"{'a': 0.5, 'e': 0.5}",20,0,-30.038186038579994,"{0: 14, 1: 2, 2: 4, 3: 0, 4: 0}",0
907,False,"{'a': 0.5, 'e': 0.5}",30,0,-33.48741115574906,"{0: 25, 1: 0, 2: 3, 3: 2, 4: 0}",0
908,False,"{'a': 0.5, 'e': 0.5}",30,15,18.078930240968017,"{0: 14, 1: 1, 2: 0, 3: 0, 4: 0}",1
909,False,"{'a': 0.5, 'e': 0.5}",20,0,-34.63288255665292,"{0: 17, 1: 0, 2: 2, 3: 0, 4: 1}",0
910,False,"{'a': 0.5, 'e': 0.5}",25,16,-29.994126000092393,"{0: 6, 1: 0, 2: 2, 3: 1, 4: 0}",1
911,False,"{'a': 0.5, 'e': 0.5}",20,12,-38.96484584317069,"{0: 6, 1: 0, 2: 1, 3: 0, 4: 1}",1
912,False,"{'a': 0.5, 'e': 0.5}",25,0,13.322854397122143,"{0: 23, 1: 0, 2: 2, 3: 0, 4: 0}",0
913,False,"{'a': 0.5, 'e': 0.5}",20,13,-36.821590957524855,"{0: 4, 1: 1, 2: 0, 3: 2, 4: 0}",1
914,False,"{'a': 0.5, 'e': 0.5}",20,0,-40.97047819226206,"{0: 16, 1: 1, 2: 2, 3: 0, 4: 1}",0
915,False,"{'a': 0.5, 'e': 0.5}",25,0,-73.7113941819274,"{0: 20, 1: 2, 2: 1, 3: 0, 4: 2}",0
916,False,"{'a': 0.5, 'e': 0.5}",20,0,-7.11773191404189,"{0: 16, 1: 2, 2: 2, 3: 0, 4: 0}",0
917,False,"{'a': 0.5, 'e': 0.5}",25,0,-40.91443761013828,"{0: 21, 1: 1, 2: 2, 3: 0, 4: 1}",0
918,False,"{'a': 0.5, 'e': 0.5}",20,3,-8.409898742178745,"{0: 12, 1: 4, 2: 1, 3: 0, 4: 0}",1
919,False,"{'a': 0.5, 'e': 0.5}",25,11,7.077229426173664,"{0: 12, 1: 1, 2: 1, 3: 0, 4: 0}",1
920,False,"{'a': 0.5, 'e': 0.5}",20,0,-28.554273886837354,"{0: 14, 1: 2, 2: 4, 3: 0, 4: 0}",0
921,False,"{'a': 0.5, 'e': 0.5}",20,9,-0.519750801848283,"{0: 8, 1: 3, 2: 0, 3: 0, 4: 0}",1
922,False,"{'a': 0.5, 'e': 0.5}",30,4,-54.46458704312087,"{0: 21, 1: 0, 2: 3, 3: 1, 4: 1}",1
923,False,"{'a': 0.5, 'e': 0.5}",25,8,-2.0546017415484608,"{0: 14, 1: 0, 2: 3, 3: 0, 4: 0}",1
924,False,"{'a': 0.5, 'e': 0.5}",20,0,11.482079372747851,"{0: 18, 1: 2, 2: 0, 3: 0, 4: 0}",0
925,False,"{'a': 0.5, 'e': 0.5}",25,2,24.187578816666356,"{0: 22, 1: 0, 2: 1, 3: 0, 4: 0}",1
926,False,"{'a': 0.5, 'e': 0.5}",30,6,-34.69989772262014,"{0: 20, 1: 0, 2: 3, 3: 0, 4: 1}",1
927,False,"{'a': 0.5, 'e': 0.5}",25,10,-12.42968858679689,"{0: 11, 1: 1, 2: 3, 3: 0, 4: 0}",1
928,False,"{'a': 0.5, 'e': 0.5}",25,0,-5.627754902510345,"{0: 21, 1: 1, 2: 3, 3: 0, 4: 0}",0
929,False,"{'a': 0.5, 'e': 0.5}",20,2,-53.08589450626512,"{0: 16, 1: 0, 2: 0, 3: 0, 4: 2}",1
930,False,"{'a': 0.5, 'e': 0.5}",35,17,-7.728178939162146,"{0: 14, 1: 1, 2: 3, 3: 0, 4: 0}",1
931,False,"{'a': 0.5, 'e': 0.5}",20,3,-15.295503607772716,"{0: 16, 1: 0, 2: 0, 3: 0, 4: 1}",1
932,False,"{'a': 0.5, 'e': 0.5}",30,18,-12.940875244216858,"{0: 10, 1: 0, 2: 1, 3: 1, 4: 0}",1
933,False,"{'a': 0.5, 'e': 0.5}",30,0,-88.49394468673275,"{0: 22, 1: 0, 2: 6, 3: 1, 4: 1}",0
934,False,"{'a': 0.5, 'e': 0.5}",25,0,-89.06536367386781,"{0: 18, 1: 1, 2: 3, 3: 2, 4: 1}",0
935,False,"{'a': 0.5, 'e': 0.5}",20,0,-16.123671505908558,"{0: 16, 1: 1, 2: 3, 3: 0, 4: 0}",0
936,False,"{'a': 0.5, 'e': 0.5}",20,0,-18.59658099430346,"{0: 16, 1: 0, 2: 4, 3: 0, 4: 0}",0
937,False,"{'a': 0.5, 'e': 0.5}",25,0,-6.390589943272396,"{0: 21, 1: 1, 2: 3, 3: 0, 4: 0}",0
938,False,"{'a': 0.5, 'e': 0.5}",20,3,-1.2983923839041747,"{0: 14, 1: 2, 2: 1, 3: 0, 4: 0}",1
939,False,"{'a': 0.5, 'e': 0.5}",20,2,-27.538780653905796,"{0: 14, 1: 0, 2: 3, 3: 1, 4: 0}",1
940,False,"{'a': 0.5, 'e': 0.5}",20,11,16.620372799623464,"{0: 9, 1: 0, 2: 0, 3: 0, 4: 0}",1
941,False,"{'a': 0.5, 'e': 0.5}",25,5,-21.68882074753397,"{0: 17, 1: 2, 2: 0, 3: 0, 4: 1}",1
942,False,"{'a': 0.5, 'e': 0.5}",20,0,-5.0387404448300455,"{0: 17, 1: 0, 2: 3, 3: 0, 4: 0}",0
943,False,"{'a': 0.5, 'e': 0.5}",25,0,-61.782499030537544,"{0: 20, 1: 0, 2: 3, 3: 1, 4: 1}",0
944,False,"{'a': 0.5, 'e': 0.5}",25,0,29.768249220074775,"{0: 24, 1: 0, 2: 1, 3: 0, 4: 0}",0
945,False,"{'a': 0.5, 'e': 0.5}",20,12,-28.679106513971547,"{0: 7, 1: 0, 2: 0, 3: 0, 4: 1}",1
946,False,"{'a': 0.5, 'e': 0.5}",20,0,-38.05455790181423,"{0: 16, 1: 0, 2: 2, 3: 2, 4: 0}",0
947,False,"{'a': 0.5, 'e': 0.5}",25,0,-82.46834225657544,"{0: 17, 1: 2, 2: 5, 3: 0, 4: 1}",0
948,False,"{'a': 0.5, 'e': 0.5}",25,5,-25.716483277529218,"{0: 16, 1: 0, 2: 3, 3: 1, 4: 0}",1
949,False,"{'a': 0.5, 'e': 0.5}",20,6,5.18319797296388,"{0: 13, 1: 0, 2: 0, 3: 1, 4: 0}",1
950,False,"{'a': 0.5, 'e': 0.5}",20,8,-52.29990880034066,"{0: 8, 1: 1, 2: 2, 3: 0, 4: 1}",1
951,False,"{'a': 0.5, 'e': 0.5}",20,8,-21.736470500161108,"{0: 8, 1: 1, 2: 3, 3: 0, 4: 0}",1
952,False,"{'a': 0.5, 'e': 0.5}",30,0,-30.123462090568665,"{0: 24, 1: 1, 2: 4, 3: 1, 4: 0}",0
953,False,"{'a': 0.5, 'e': 0.5}",25,2,5.83266757184764,"{0: 20, 1: 1, 2: 2, 3: 0, 4: 0}",1
954,False,"{'a': 0.5, 'e': 0.5}",20,0,-66.49216540455507,"{0: 17, 1: 0, 2: 1, 3: 0, 4: 2}",0
955,False,"{'a': 0.5, 'e': 0.5}",30,0,-31.802515405395518,"{0: 24, 1: 1, 2: 4, 3: 1, 4: 0}",0
956,False,"{'a': 0.5, 'e': 0.5}",25,0,-74.69166885861151,"{0: 18, 1: 0, 2: 6, 3: 0, 4: 1}",0
957,False,"{'a': 0.5, 'e': 0.5}",35,0,-55.48872747515085,"{0: 29, 1: 2, 2: 2, 3: 1, 4: 1}",0
958,False,"{'a': 0.5, 'e': 0.5}",20,3,-0.6459779020558187,"{0: 14, 1: 1, 2: 2, 3: 0, 4: 0}",1
959,False,"{'a': 0.5, 'e': 0.5}",30,0,-75.14362842895669,"{0: 23, 1: 3, 2: 1, 3: 2, 4: 1}",0
960,False,"{'a': 0.5, 'e': 0.5}",20,0,-62.648824881496914,"{0: 15, 1: 1, 2: 2, 3: 1, 4: 1}",0
961,False,"{'a': 0.5, 'e': 0.5}",20,0,-67.08956213306743,"{0: 14, 1: 3, 2: 1, 3: 1, 4: 1}",1
962,False,"{'a': 0.5, 'e': 0.5}",30,0,-77.69927987804293,"{0: 22, 1: 0, 2: 7, 3: 0, 4: 1}",0
963,False,"{'a': 0.5, 'e': 0.5}",25,0,3.0751406348423083,"{0: 22, 1: 1, 2: 2, 3: 0, 4: 0}",0
964,False,"{'a': 0.5, 'e': 0.5}",20,14,11.961661358220368,"{0: 6, 1: 0, 2: 0, 3: 0, 4: 0}",1
965,False,"{'a': 0.5, 'e': 0.5}",30,0,-43.92978638169475,"{0: 22, 1: 1, 2: 7, 3: 0, 4: 0}",0
966,False,"{'a': 0.5, 'e': 0.5}",30,15,-42.39438813756168,"{0: 12, 1: 0, 2: 2, 3: 0, 4: 1}",1
967,False,"{'a': 0.5, 'e': 0.5}",35,22,-8.560488950094966,"{0: 10, 1: 1, 2: 2, 3: 0, 4: 0}",1
968,False,"{'a': 0.5, 'e': 0.5}",20,0,-28.58546369750603,"{0: 15, 1: 2, 2: 2, 3: 1, 4: 0}",0
969,False,"{'a': 0.5, 'e': 0.5}",20,14,1.6759867291788262,"{0: 5, 1: 1, 2: 0, 3: 0, 4: 0}",1
970,False,"{'a': 0.5, 'e': 0.5}",30,0,-49.718589302677955,"{0: 23, 1: 3, 2: 3, 3: 0, 4: 1}",0
971,False,"{'a': 0.5, 'e': 0.5}",20,0,-46.26496423857549,"{0: 16, 1: 0, 2: 3, 3: 0, 4: 1}",1
972,False,"{'a': 0.5, 'e': 0.5}",25,0,-108.81286813007114,"{0: 17, 1: 1, 2: 5, 3: 0, 4: 2}",0
973,False,"{'a': 0.5, 'e': 0.5}",25,0,-81.36062572134706,"{0: 17, 1: 1, 2: 6, 3: 0, 4: 1}",0
974,False,"{'a': 0.5, 'e': 0.5}",20,12,3.590819153327259,"{0: 7, 1: 0, 2: 1, 3: 0, 4: 0}",1
975,False,"{'a': 0.5, 'e': 0.5}",20,0,-5.966327323455579,"{0: 17, 1: 0, 2: 3, 3: 0, 4: 0}",0
976,False,"{'a': 0.5, 'e': 0.5}",35,22,-12.16429230065032,"{0: 10, 1: 0, 2: 3, 3: 0, 4: 0}",1
977,False,"{'a': 0.5, 'e': 0.5}",25,0,-38.161201448489614,"{0: 18, 1: 2, 2: 5, 3: 0, 4: 0}",0
978,False,"{'a': 0.5, 'e': 0.5}",30,19,-106.96711437610381,"{0: 8, 1: 0, 2: 0, 3: 0, 4: 3}",1
979,False,"{'a': 0.5, 'e': 0.5}",25,13,-6.182663585002628,"{0: 9, 1: 1, 2: 2, 3: 0, 4: 0}",1
980,False,"{'a': 0.5, 'e': 0.5}",20,0,-24.263071210590308,"{0: 14, 1: 3, 2: 3, 3: 0, 4: 0}",0
981,False,"{'a': 0.5, 'e': 0.5}",30,0,-37.38264431321181,"{0: 25, 1: 1, 2: 3, 3: 0, 4: 1}",0
982,False,"{'a': 0.5, 'e': 0.5}",25,0,0.43360240103255365,"{0: 22, 1: 1, 2: 2, 3: 0, 4: 0}",0
983,False,"{'a': 0.5, 'e': 0.5}",20,8,14.836433192959689,"{0: 11, 1: 1, 2: 0, 3: 0, 4: 0}",1
984,False,"{'a': 0.5, 'e': 0.5}",20,0,-12.052991665467124,"{0: 17, 1: 0, 2: 3, 3: 0, 4: 0}",0
985,False,"{'a': 0.5, 'e': 0.5}",35,21,2.27958155973437,"{0: 12, 1: 0, 2: 2, 3: 0, 4: 0}",1
986,False,"{'a': 0.5, 'e': 0.5}",30,6,-49.15732324101303,"{0: 16, 1: 2, 2: 6, 3: 0, 4: 0}",1
987,False,"{'a': 0.5, 'e': 0.5}",25,6,-10.40748088469814,"{0: 18, 1: 0, 2: 0, 3: 0, 4: 1}",1
988,False,"{'a': 0.5, 'e': 0.5}",20,0,-67.04777460696367,"{0: 15, 1: 2, 2: 0, 3: 2, 4: 1}",0
989,False,"{'a': 0.5, 'e': 0.5}",25,0,-20.855970947127293,"{0: 22, 1: 1, 2: 1, 3: 0, 4: 1}",0
990,False,"{'a': 0.5, 'e': 0.5}",30,19,-18.819820119830275,"{0: 8, 1: 1, 2: 1, 3: 1, 4: 0}",1
991,False,"{'a': 0.5, 'e': 0.5}",20,13,11.58039125629685,"{0: 7, 1: 0, 2: 0, 3: 0, 4: 0}",1
992,False,"{'a': 0.5, 'e': 0.5}",25,7,-12.936372254766585,"{0: 16, 1: 0, 2: 0, 3: 2, 4: 0}",1
993,False,"{'a': 0.5, 'e': 0.5}",20,6,-42.099488636253426,"{0: 11, 1: 0, 2: 2, 3: 0, 4: 1}",1
994,False,"{'a': 0.5, 'e': 0.5}",30,15,-82.65230239212883,"{0: 12, 1: 0, 2: 0, 3: 1, 4: 2}",1
995,False,"{'a': 0.5, 'e': 0.5}",30,7,-67.44907539187764,"{0: 19, 1: 1, 2: 1, 3: 0, 4: 2}",1
996,False,"{'a': 0.5, 'e': 0.5}",20,1,-18.930742902919157,"{0: 15, 1: 1, 2: 3, 3: 0, 4: 0}",1
997,False,"{'a': 0.5, 'e': 0.5}",20,0,-18.942189028852454,"{0: 18, 1: 1, 2: 0, 3: 0, 4: 1}",0
998,False,"{'a': 0.5, 'e': 0.5}",20,0,-57.623980292199704,"{0: 16, 1: 0, 2: 2, 3: 1, 4: 1}",0
999,False,"{'a': 0.5, 'e': 0.5}",25,8,27.469543630462947,"{0: 17, 1: 0, 2: 0, 3: 0, 4: 0}",1
1000,False,"{'a': 0.5, 'e': 0.5}",25,0,-6.907991753125108,"{0: 21, 1: 2, 2: 2, 3: 0, 4: 0}",0
1001,False,"{'a': 0.5, 'e': 0.009}",20,16,7.0179370896146835,"{0: 4, 1: 0, 2: 0, 3: 0, 4: 0}",1
1,True,"{'a': 0, 'e': 0}",20,12,14.348175531536603,"{0: 8, 1: 0, 2: 0, 3: 0, 4: 0}",1
2,True,"{'a': 0, 'e': 0}",35,16,38.5004161528643,"{0: 19, 1: 0, 2: 0, 3: 0, 4: 0}",1
3,True,"{'a': 0, 'e': 0}",25,12,25.302063756684266,"{0: 13, 1: 0, 2: 0, 3: 0, 4: 0}",1
4,True,"{'a': 0, 'e': 0}",20,6,26.095188657028714,"{0: 14, 1: 0, 2: 0, 3: 0, 4: 0}",1
5,True,"{'a': 0, 'e': 0}",20,5,26.61642082405154,"{0: 15, 1: 0, 2: 0, 3: 0, 4: 0}",1
6,True,"{'a': 0, 'e': 0}",25,7,29.619870232595915,"{0: 18, 1: 0, 2: 0, 3: 0, 4: 0}",1
7,True,"{'a': 0, 'e': 0}",20,11,17.20958441251521,"{0: 9, 1: 0, 2: 0, 3: 0, 4: 0}",1
8,True,"{'a': 0, 'e': 0}",25,13,24.487753174158932,"{0: 12, 1: 0, 2: 0, 3: 0, 4: 0}",1
9,True,"{'a': 0, 'e': 0}",20,14,11.550269971300013,"{0: 6, 1: 0, 2: 0, 3: 0, 4: 0}",1
10,True,"{'a': 0, 'e': 0}",35,20,30.703093619799418,"{0: 15, 1: 0, 2: 0, 3: 0, 4: 0}",1
